modality,label,n_voxels,n_sensors,n_outputs,n_sources,n_singular_values,bandwidth_hz,output_amplitude,output_noise,output_snr,noise_model_type,noise_covariance_model,noise_correlation_length_mm,noise_correlation_kernel,johnson_electrode_area_cm2,johnson_lmax,johnson_bandwidth_hz,johnson_noise_diagonal,total_input_power,bitrate_bits_per_s,channel_capacity_bits_per_s,frequency_hz,source_spacing_mm,grid_resolution_mm,spectrum_estimate_method,spectrum_reference_num_sensors,spectrum_reference_path,spectrum_reference_hash,spectrum_reference_singular_value_count,spectrum_scale_factor,path
eeg_openmeeg,EEG OpenMEEG,18,32,32,54,32,100.0,5e-06,5.501295700150211e-08,90.88767942184016,spatial_covariance,johnson_volume,,johnson_volume,1.0,2000,100.0,eeg_openmeeg_scalar_noise_std,0.06417125937205737,14533.410984201635,15725.612133660345,,40.0,20.0,,,,,,,results/variants/eeg_openmeeg_johnson_volume_covariance_20260601_margin5mm/2a999b99.npz
eeg_openmeeg,EEG OpenMEEG,43,32,32,129,32,100.0,5e-06,5.501295700150211e-08,90.88767942184016,spatial_covariance,johnson_volume,,johnson_volume,1.0,2000,100.0,eeg_openmeeg_scalar_noise_std,0.06045828335120824,15909.119088393289,19120.762887070014,,30.0,20.0,,,,,,,results/variants/eeg_openmeeg_johnson_volume_covariance_20260601_margin5mm/996ced1e.npz
eeg_openmeeg,EEG OpenMEEG,148,32,32,444,32,100.0,5e-06,5.501295700150211e-08,90.88767942184016,spatial_covariance,johnson_volume,,johnson_volume,1.0,2000,100.0,eeg_openmeeg_scalar_noise_std,0.056010691095912564,16666.434562229824,22733.524372493885,,20.0,20.0,,,,,,,results/variants/eeg_openmeeg_johnson_volume_covariance_20260601_margin5mm/8f5c5afa.npz
eeg_openmeeg,EEG OpenMEEG,302,32,32,906,32,100.0,5e-06,5.501295700150211e-08,90.88767942184016,spatial_covariance,johnson_volume,,johnson_volume,1.0,2000,100.0,eeg_openmeeg_scalar_noise_std,0.058702140495503506,16224.155141322683,23935.920761626807,,15.0,20.0,,,,,,,results/variants/eeg_openmeeg_johnson_volume_covariance_20260601_margin5mm/6846a40c.npz
eeg_openmeeg,EEG OpenMEEG,984,32,32,2952,32,100.0,5e-06,5.501295700150211e-08,90.88767942184016,spatial_covariance,johnson_volume,,johnson_volume,1.0,2000,100.0,eeg_openmeeg_scalar_noise_std,0.057245039232670374,16321.294836939818,26760.1095335532,,10.0,20.0,,,,,,,results/variants/eeg_openmeeg_johnson_volume_covariance_20260601_margin5mm/924702be.npz
eeg_openmeeg,EEG OpenMEEG,1842,32,32,5526,32,100.0,5e-06,5.501295700150211e-08,90.88767942184016,spatial_covariance,johnson_volume,,johnson_volume,1.0,2000,100.0,eeg_openmeeg_scalar_noise_std,0.05748789549825421,16226.005222456013,28111.744624912415,,8.0,20.0,,,,,,,results/variants/eeg_openmeeg_johnson_volume_covariance_20260601_margin5mm/d167caa9.npz
eeg_openmeeg,EEG OpenMEEG,4347,32,32,13041,32,100.0,5e-06,5.501295700150211e-08,90.88767942184016,spatial_covariance,johnson_volume,,johnson_volume,1.0,2000,100.0,eeg_openmeeg_scalar_noise_std,0.05676535192561609,16296.91069493797,30164.894462981727,,6.0,20.0,,,,,,,results/variants/eeg_openmeeg_johnson_volume_covariance_20260601_margin5mm/f9e43d91.npz
eeg_openmeeg,EEG OpenMEEG,7347,32,32,22041,32,100.0,5e-06,5.501295700150211e-08,90.88767942184016,spatial_covariance,johnson_volume,,johnson_volume,1.0,2000,100.0,eeg_openmeeg_scalar_noise_std,0.056830766650435835,16232.563965822294,31311.71674714538,,5.0,20.0,,,,,,,results/variants/eeg_openmeeg_johnson_volume_covariance_20260601_margin5mm/a537721e.npz
eeg_openmeeg,EEG OpenMEEG,14355,32,32,43065,32,100.0,5e-06,5.501295700150211e-08,90.88767942184016,spatial_covariance,johnson_volume,,johnson_volume,1.0,2000,100.0,eeg_openmeeg_scalar_noise_std,0.05644166499501306,16278.948790912282,32904.40991040264,,4.0,20.0,,,,,,,results/variants/eeg_openmeeg_johnson_volume_covariance_20260601_margin5mm/78d0c639.npz
eeg_openmeeg,EEG OpenMEEG,18,64,64,54,54,100.0,5e-06,6.542179988352507e-08,76.42712381655417,spatial_covariance,johnson_volume,,johnson_volume,1.0,2000,100.0,eeg_openmeeg_scalar_noise_std,0.06375814489112332,17168.440111963348,17612.89957464612,,40.0,20.0,,,,,,,results/variants/eeg_openmeeg_johnson_volume_covariance_20260601_margin5mm/05748c35.npz
eeg_openmeeg,EEG OpenMEEG,43,64,64,129,64,100.0,5e-06,6.542179988352507e-08,76.42712381655417,spatial_covariance,johnson_volume,,johnson_volume,1.0,2000,100.0,eeg_openmeeg_scalar_noise_std,0.060381361796607524,22295.131585993207,25382.766730873805,,30.0,20.0,,,,,,,results/variants/eeg_openmeeg_johnson_volume_covariance_20260601_margin5mm/745ed46e.npz
eeg_openmeeg,EEG OpenMEEG,148,64,64,444,64,100.0,5e-06,6.542179988352507e-08,76.42712381655417,spatial_covariance,johnson_volume,,johnson_volume,1.0,2000,100.0,eeg_openmeeg_scalar_noise_std,0.05581747190506251,25271.36661981459,34118.34959370589,,20.0,20.0,,,,,,,results/variants/eeg_openmeeg_johnson_volume_covariance_20260601_margin5mm/4082ac0c.npz
eeg_openmeeg,EEG OpenMEEG,302,64,64,906,64,100.0,5e-06,6.542179988352507e-08,76.42712381655417,spatial_covariance,johnson_volume,,johnson_volume,1.0,2000,100.0,eeg_openmeeg_scalar_noise_std,0.0586759135446303,24092.75016071254,36180.69676883878,,15.0,20.0,,,,,,,results/variants/eeg_openmeeg_johnson_volume_covariance_20260601_margin5mm/520b5532.npz
eeg_openmeeg,EEG OpenMEEG,984,64,64,2952,64,100.0,5e-06,6.542179988352507e-08,76.42712381655417,spatial_covariance,johnson_volume,,johnson_volume,1.0,2000,100.0,eeg_openmeeg_scalar_noise_std,0.05711611259411366,24434.582979523464,41996.92812829662,,10.0,20.0,,,,,,,results/variants/eeg_openmeeg_johnson_volume_covariance_20260601_margin5mm/19c49b9a.npz
eeg_openmeeg,EEG OpenMEEG,1842,64,64,5526,64,100.0,5e-06,6.542179988352507e-08,76.42712381655417,spatial_covariance,johnson_volume,,johnson_volume,1.0,2000,100.0,eeg_openmeeg_scalar_noise_std,0.057573778894990116,24123.020792690848,44564.258089097246,,8.0,20.0,,,,,,,results/variants/eeg_openmeeg_johnson_volume_covariance_20260601_margin5mm/157e6588.npz
eeg_openmeeg,EEG OpenMEEG,4347,64,64,13041,64,100.0,5e-06,6.542179988352507e-08,76.42712381655417,spatial_covariance,johnson_volume,,johnson_volume,1.0,2000,100.0,eeg_openmeeg_scalar_noise_std,0.05668891489228295,24333.91855208073,48749.046148183916,,6.0,20.0,,,,,,,results/variants/eeg_openmeeg_johnson_volume_covariance_20260601_margin5mm/e3bc29c1.npz
eeg_openmeeg,EEG OpenMEEG,7347,64,64,22041,64,100.0,5e-06,6.542179988352507e-08,76.42712381655417,spatial_covariance,johnson_volume,,johnson_volume,1.0,2000,100.0,eeg_openmeeg_scalar_noise_std,0.05692754136025041,24134.731542362897,50963.12947136737,,5.0,20.0,,,,,,,results/variants/eeg_openmeeg_johnson_volume_covariance_20260601_margin5mm/77969a7f.npz
eeg_openmeeg,EEG OpenMEEG,14355,64,64,43065,64,100.0,5e-06,6.542179988352507e-08,76.42712381655417,spatial_covariance,johnson_volume,,johnson_volume,1.0,2000,100.0,eeg_openmeeg_scalar_noise_std,0.05663209037897196,24281.067163792668,54208.73846983127,,4.0,20.0,,,,,,,results/variants/eeg_openmeeg_johnson_volume_covariance_20260601_margin5mm/73bbc62f.npz
eeg_openmeeg,EEG OpenMEEG,18,128,128,54,54,100.0,5e-06,7.780006989777219e-08,64.26729444549221,spatial_covariance,johnson_volume,,johnson_volume,1.0,2000,100.0,eeg_openmeeg_scalar_noise_std,0.06313446306347247,17606.222991936684,17938.225530947795,,40.0,20.0,,,,,,,results/variants/eeg_openmeeg_johnson_volume_covariance_20260601_margin5mm/7e639fce.npz
eeg_openmeeg,EEG OpenMEEG,43,128,128,129,128,100.0,5e-06,7.780006989777219e-08,64.26729444549221,spatial_covariance,johnson_volume,,johnson_volume,1.0,2000,100.0,eeg_openmeeg_scalar_noise_std,0.06056757544167938,24478.4930534338,27064.238997395216,,30.0,20.0,,,,,,,results/variants/eeg_openmeeg_johnson_volume_covariance_20260601_margin5mm/302b44ca.npz
eeg_openmeeg,EEG OpenMEEG,148,128,128,444,128,100.0,5e-06,7.780006989777219e-08,64.26729444549221,spatial_covariance,johnson_volume,,johnson_volume,1.0,2000,100.0,eeg_openmeeg_scalar_noise_std,0.055798452759831904,30113.05279793724,39966.97402172115,,20.0,20.0,,,,,,,results/variants/eeg_openmeeg_johnson_volume_covariance_20260601_margin5mm/7fa247a8.npz
eeg_openmeeg,EEG OpenMEEG,302,128,128,906,128,100.0,5e-06,7.780006989777219e-08,64.26729444549221,spatial_covariance,johnson_volume,,johnson_volume,1.0,2000,100.0,eeg_openmeeg_scalar_noise_std,0.05852776561678041,28267.52605284241,43000.662273046444,,15.0,20.0,,,,,,,results/variants/eeg_openmeeg_johnson_volume_covariance_20260601_margin5mm/8c6d47f4.npz
eeg_openmeeg,EEG OpenMEEG,984,128,128,2952,128,100.0,5e-06,7.780006989777219e-08,64.26729444549221,spatial_covariance,johnson_volume,,johnson_volume,1.0,2000,100.0,eeg_openmeeg_scalar_noise_std,0.057126393053883735,28852.333900236954,52899.96632862555,,10.0,20.0,,,,,,,results/variants/eeg_openmeeg_johnson_volume_covariance_20260601_margin5mm/82cc1ff9.npz
eeg_openmeeg,EEG OpenMEEG,1842,128,128,5526,128,100.0,5e-06,7.780006989777219e-08,64.26729444549221,spatial_covariance,johnson_volume,,johnson_volume,1.0,2000,100.0,eeg_openmeeg_scalar_noise_std,0.05754054486571933,28347.807240326612,57338.21288917611,,8.0,20.0,,,,,,,results/variants/eeg_openmeeg_johnson_volume_covariance_20260601_margin5mm/de27327d.npz
eeg_openmeeg,EEG OpenMEEG,4347,128,128,13041,128,100.0,5e-06,7.780006989777219e-08,64.26729444549221,spatial_covariance,johnson_volume,,johnson_volume,1.0,2000,100.0,eeg_openmeeg_scalar_noise_std,0.05680177435195672,28687.435916618284,65176.151291284325,,6.0,20.0,,,,,,,results/variants/eeg_openmeeg_johnson_volume_covariance_20260601_margin5mm/fd856f20.npz
eeg_openmeeg,EEG OpenMEEG,7347,128,128,22041,128,100.0,5e-06,7.780006989777219e-08,64.26729444549221,spatial_covariance,johnson_volume,,johnson_volume,1.0,2000,100.0,eeg_openmeeg_scalar_noise_std,0.056872503384508555,28316.248902773885,69172.5339459621,,5.0,20.0,,,,,,,results/variants/eeg_openmeeg_johnson_volume_covariance_20260601_margin5mm/e84d225c.npz
eeg_openmeeg,EEG OpenMEEG,14355,128,128,43065,128,100.0,5e-06,7.780006989777219e-08,64.26729444549221,spatial_covariance,johnson_volume,,johnson_volume,1.0,2000,100.0,eeg_openmeeg_scalar_noise_std,0.05652685524101506,28582.94781762396,75560.53883421377,,4.0,20.0,,,,,,,results/variants/eeg_openmeeg_johnson_volume_covariance_20260601_margin5mm/c9e57c15.npz
eeg_openmeeg,EEG OpenMEEG,18,256,256,54,54,100.0,5e-06,9.252039667013972e-08,54.04213751726936,spatial_covariance,johnson_volume,,johnson_volume,1.0,2000,100.0,eeg_openmeeg_scalar_noise_std,0.06338761768860192,17334.680407146487,17646.827271418435,,40.0,20.0,,,,,,,results/variants/eeg_openmeeg_johnson_volume_covariance_20260601_margin5mm/7110bdd5.npz
eeg_openmeeg,EEG OpenMEEG,43,256,256,129,129,100.0,5e-06,9.252039667013972e-08,54.04213751726936,spatial_covariance,johnson_volume,,johnson_volume,1.0,2000,100.0,eeg_openmeeg_scalar_noise_std,0.06050334584271222,24695.773705253247,27180.433862833455,,30.0,20.0,,,,,,,results/variants/eeg_openmeeg_johnson_volume_covariance_20260601_margin5mm/01f1daa2.npz
eeg_openmeeg,EEG OpenMEEG,148,256,256,444,256,100.0,5e-06,9.252039667013972e-08,54.04213751726936,spatial_covariance,johnson_volume,,johnson_volume,1.0,2000,100.0,eeg_openmeeg_scalar_noise_std,0.05587685262939095,31276.307409137673,41169.881947025104,,20.0,20.0,,,,,,,results/variants/eeg_openmeeg_johnson_volume_covariance_20260601_margin5mm/ea96362d.npz
eeg_openmeeg,EEG OpenMEEG,302,256,256,906,256,100.0,5e-06,9.252039667013972e-08,54.04213751726936,spatial_covariance,johnson_volume,,johnson_volume,1.0,2000,100.0,eeg_openmeeg_scalar_noise_std,0.05854410629549041,29327.09232745759,44612.41818701038,,15.0,20.0,,,,,,,results/variants/eeg_openmeeg_johnson_volume_covariance_20260601_margin5mm/ee33301f.npz
eeg_openmeeg,EEG OpenMEEG,984,256,256,2952,256,100.0,5e-06,9.252039667013972e-08,54.04213751726936,spatial_covariance,johnson_volume,,johnson_volume,1.0,2000,100.0,eeg_openmeeg_scalar_noise_std,0.057245486989980755,29966.555150272525,55879.44945471107,,10.0,20.0,,,,,,,results/variants/eeg_openmeeg_johnson_volume_covariance_20260601_margin5mm/b22b01ef.npz
eeg_openmeeg,EEG OpenMEEG,1842,256,256,5526,256,100.0,5e-06,9.252039667013972e-08,54.04213751726936,spatial_covariance,johnson_volume,,johnson_volume,1.0,2000,100.0,eeg_openmeeg_scalar_noise_std,0.05760771947701819,29418.15753480875,61074.965243436505,,8.0,20.0,,,,,,,results/variants/eeg_openmeeg_johnson_volume_covariance_20260601_margin5mm/49222dd8.npz
eeg_openmeeg,EEG OpenMEEG,4347,256,256,13041,256,100.0,5e-06,9.252039667013972e-08,54.04213751726936,spatial_covariance,johnson_volume,,johnson_volume,1.0,2000,100.0,eeg_openmeeg_scalar_noise_std,0.05682135778449485,29785.2091868003,70339.55208785245,,6.0,20.0,,,,,,,results/variants/eeg_openmeeg_johnson_volume_covariance_20260601_margin5mm/43d98f8a.npz
eeg_openmeeg,EEG OpenMEEG,7347,256,256,22041,256,100.0,5e-06,9.252039667013972e-08,54.04213751726936,spatial_covariance,johnson_volume,,johnson_volume,1.0,2000,100.0,eeg_openmeeg_scalar_noise_std,0.056857773803921846,29332.27526001881,75005.43518776442,,5.0,20.0,,,,,,,results/variants/eeg_openmeeg_johnson_volume_covariance_20260601_margin5mm/c3930fc7.npz
eeg_openmeeg,EEG OpenMEEG,14355,256,256,43065,256,100.0,5e-06,9.252039667013972e-08,54.04213751726936,spatial_covariance,johnson_volume,,johnson_volume,1.0,2000,100.0,eeg_openmeeg_scalar_noise_std,0.05653910962298681,29648.987196207996,82741.69559114838,,4.0,20.0,,,,,,,results/variants/eeg_openmeeg_johnson_volume_covariance_20260601_margin5mm/8f694651.npz
eeg_openmeeg,EEG OpenMEEG,18,512,512,54,54,100.0,5e-06,1.1002591400300422e-07,45.44383971092008,spatial_covariance,johnson_volume,,johnson_volume,1.0,2000,100.0,eeg_openmeeg_scalar_noise_std,0.06324344937202968,16683.277737262506,16998.683455564493,,40.0,20.0,,,,,,,results/variants/eeg_openmeeg_johnson_volume_covariance_20260601_margin5mm/56cbd0f6.npz
eeg_openmeeg,EEG OpenMEEG,43,512,512,129,129,100.0,5e-06,1.1002591400300422e-07,45.44383971092008,spatial_covariance,johnson_volume,,johnson_volume,1.0,2000,100.0,eeg_openmeeg_scalar_noise_std,0.06030333622955016,24012.349333008176,26465.452482736644,,30.0,20.0,,,,,,,results/variants/eeg_openmeeg_johnson_volume_covariance_20260601_margin5mm/11b47060.npz
eeg_openmeeg,EEG OpenMEEG,148,512,512,444,444,100.0,5e-06,1.1002591400300422e-07,45.44383971092008,spatial_covariance,johnson_volume,,johnson_volume,1.0,2000,100.0,eeg_openmeeg_scalar_noise_std,0.05567147472966354,30765.156158563525,40682.7694912167,,20.0,20.0,,,,,,,results/variants/eeg_openmeeg_johnson_volume_covariance_20260601_margin5mm/8ce0eaf1.npz
eeg_openmeeg,EEG OpenMEEG,302,512,512,906,512,100.0,5e-06,1.1002591400300422e-07,45.44383971092008,spatial_covariance,johnson_volume,,johnson_volume,1.0,2000,100.0,eeg_openmeeg_scalar_noise_std,0.05862103783491624,28818.56453038154,44280.43879978536,,15.0,20.0,,,,,,,results/variants/eeg_openmeeg_johnson_volume_covariance_20260601_margin5mm/161a599f.npz
eeg_openmeeg,EEG OpenMEEG,984,512,512,2952,512,100.0,5e-06,1.1002591400300422e-07,45.44383971092008,spatial_covariance,johnson_volume,,johnson_volume,1.0,2000,100.0,eeg_openmeeg_scalar_noise_std,0.05743728745049293,29474.685899080578,55938.470905313705,,10.0,20.0,,,,,,,results/variants/eeg_openmeeg_johnson_volume_covariance_20260601_margin5mm/edc84dc4.npz
eeg_openmeeg,EEG OpenMEEG,1842,512,512,5526,512,100.0,5e-06,1.1002591400300422e-07,45.44383971092008,spatial_covariance,johnson_volume,,johnson_volume,1.0,2000,100.0,eeg_openmeeg_scalar_noise_std,0.05753720721783874,28885.04109252295,61280.39868123704,,8.0,20.0,,,,,,,results/variants/eeg_openmeeg_johnson_volume_covariance_20260601_margin5mm/c6516d51.npz
eeg_openmeeg,EEG OpenMEEG,4347,512,512,13041,512,100.0,5e-06,1.1002591400300422e-07,45.44383971092008,spatial_covariance,johnson_volume,,johnson_volume,1.0,2000,100.0,eeg_openmeeg_scalar_noise_std,0.05692791350004546,29249.855572604905,70828.6127482248,,6.0,20.0,,,,,,,results/variants/eeg_openmeeg_johnson_volume_covariance_20260601_margin5mm/607de11a.npz
eeg_openmeeg,EEG OpenMEEG,7347,512,512,22041,512,100.0,5e-06,1.1002591400300422e-07,45.44383971092008,spatial_covariance,johnson_volume,,johnson_volume,1.0,2000,100.0,eeg_openmeeg_scalar_noise_std,0.05696012194018235,28780.12707393542,75592.76799717138,,5.0,20.0,,,,,,,results/variants/eeg_openmeeg_johnson_volume_covariance_20260601_margin5mm/5eb41342.npz
eeg_openmeeg,EEG OpenMEEG,14355,512,512,43065,512,100.0,5e-06,1.1002591400300422e-07,45.44383971092008,spatial_covariance,johnson_volume,,johnson_volume,1.0,2000,100.0,eeg_openmeeg_scalar_noise_std,0.05637002518665535,29086.956821215743,83458.52114598468,,4.0,20.0,,,,,,,results/variants/eeg_openmeeg_johnson_volume_covariance_20260601_margin5mm/ff529d12.npz
eeg_openmeeg,EEG OpenMEEG,18,1024,1024,54,54,100.0,5e-06,1.3084359976705015e-07,38.213561908277086,spatial_covariance,johnson_volume,,johnson_volume,1.0,2000,100.0,eeg_openmeeg_scalar_noise_std,0.06384990767681419,15833.592934917944,16169.978242410687,,40.0,20.0,,,,,,,results/variants/eeg_openmeeg_johnson_volume_covariance_20260601_margin5mm/2e0e76f3.npz
eeg_openmeeg,EEG OpenMEEG,43,1024,1024,129,129,100.0,5e-06,1.3084359976705015e-07,38.213561908277086,spatial_covariance,johnson_volume,,johnson_volume,1.0,2000,100.0,eeg_openmeeg_scalar_noise_std,0.06051897390391819,22882.65806423767,25337.922260244137,,30.0,20.0,,,,,,,results/variants/eeg_openmeeg_johnson_volume_covariance_20260601_margin5mm/f92c1ab1.npz
eeg_openmeeg,EEG OpenMEEG,148,1024,1024,444,444,100.0,5e-06,1.3084359976705015e-07,38.213561908277086,spatial_covariance,johnson_volume,,johnson_volume,1.0,2000,100.0,eeg_openmeeg_scalar_noise_std,0.05562372301312044,29401.134960319723,39265.74632219362,,20.0,20.0,,,,,,,results/variants/eeg_openmeeg_johnson_volume_covariance_20260601_margin5mm/ff96ba5f.npz
eeg_openmeeg,EEG OpenMEEG,302,1024,1024,906,906,100.0,5e-06,1.3084359976705015e-07,38.213561908277086,spatial_covariance,johnson_volume,,johnson_volume,1.0,2000,100.0,eeg_openmeeg_scalar_noise_std,0.05847162781531952,27507.06187876248,42894.77489152142,,15.0,20.0,,,,,,,results/variants/eeg_openmeeg_johnson_volume_covariance_20260601_margin5mm/aa72df5e.npz
eeg_openmeeg,EEG OpenMEEG,984,1024,1024,2952,1024,100.0,5e-06,1.3084359976705015e-07,38.213561908277086,spatial_covariance,johnson_volume,,johnson_volume,1.0,2000,100.0,eeg_openmeeg_scalar_noise_std,0.05713298696610444,28099.741449864512,54448.76383057849,,10.0,20.0,,,,,,,results/variants/eeg_openmeeg_johnson_volume_covariance_20260601_margin5mm/7aca4077.npz
eeg_openmeeg,EEG OpenMEEG,1842,1024,1024,5526,1024,100.0,5e-06,1.3084359976705015e-07,38.213561908277086,spatial_covariance,johnson_volume,,johnson_volume,1.0,2000,100.0,eeg_openmeeg_scalar_noise_std,0.05767974089260504,27538.918419401733,59845.41455724004,,8.0,20.0,,,,,,,results/variants/eeg_openmeeg_johnson_volume_covariance_20260601_margin5mm/9c2e73c4.npz
eeg_openmeeg,EEG OpenMEEG,4347,1024,1024,13041,1024,100.0,5e-06,1.3084359976705015e-07,38.213561908277086,spatial_covariance,johnson_volume,,johnson_volume,1.0,2000,100.0,eeg_openmeeg_scalar_noise_std,0.056755893424807004,27872.593688908302,69357.20329802661,,6.0,20.0,,,,,,,results/variants/eeg_openmeeg_johnson_volume_covariance_20260601_margin5mm/0afdf2e8.npz
eeg_openmeeg,EEG OpenMEEG,7347,1024,1024,22041,1024,100.0,5e-06,1.3084359976705015e-07,38.213561908277086,spatial_covariance,johnson_volume,,johnson_volume,1.0,2000,100.0,eeg_openmeeg_scalar_noise_std,0.056978358022349095,27426.110251909187,74179.73920481863,,5.0,20.0,,,,,,,results/variants/eeg_openmeeg_johnson_volume_covariance_20260601_margin5mm/7bc13223.npz
eeg_openmeeg,EEG OpenMEEG,14355,1024,1024,43065,1024,100.0,5e-06,1.3084359976705015e-07,38.213561908277086,spatial_covariance,johnson_volume,,johnson_volume,1.0,2000,100.0,eeg_openmeeg_scalar_noise_std,0.05650503487660382,27728.610294887938,82111.2002237571,,4.0,20.0,,,,,,,results/variants/eeg_openmeeg_johnson_volume_covariance_20260601_margin5mm/4eabf7d0.npz
eeg_openmeeg,EEG OpenMEEG,18,2048,2048,54,54,100.0,5e-06,1.5560013979554437e-07,32.133647222746106,spatial_covariance,johnson_volume,,johnson_volume,1.0,2000,100.0,eeg_openmeeg_scalar_noise_std,0.06316853351418664,15162.75757949123,15512.334042903443,,40.0,20.0,,,,,,,results/variants/eeg_openmeeg_johnson_volume_covariance_20260601_margin5mm/410ada19.npz
eeg_openmeeg,EEG OpenMEEG,43,2048,2048,129,129,100.0,5e-06,1.5560013979554437e-07,32.133647222746106,spatial_covariance,johnson_volume,,johnson_volume,1.0,2000,100.0,eeg_openmeeg_scalar_noise_std,0.06028577560385619,22102.730392967096,24548.735390856127,,30.0,20.0,,,,,,,results/variants/eeg_openmeeg_johnson_volume_covariance_20260601_margin5mm/f345aa31.npz
eeg_openmeeg,EEG OpenMEEG,148,2048,2048,444,444,100.0,5e-06,1.5560013979554437e-07,32.133647222746106,spatial_covariance,johnson_volume,,johnson_volume,1.0,2000,100.0,eeg_openmeeg_scalar_noise_std,0.055617519047099856,28576.848228615774,38417.950650510626,,20.0,20.0,,,,,,,results/variants/eeg_openmeeg_johnson_volume_covariance_20260601_margin5mm/6683b46e.npz
eeg_openmeeg,EEG OpenMEEG,302,2048,2048,906,906,100.0,5e-06,1.5560013979554437e-07,32.133647222746106,spatial_covariance,johnson_volume,,johnson_volume,1.0,2000,100.0,eeg_openmeeg_scalar_noise_std,0.058632056063422026,26721.044069099622,42136.822773641,,15.0,20.0,,,,,,,results/variants/eeg_openmeeg_johnson_volume_covariance_20260601_margin5mm/fca124e4.npz
eeg_openmeeg,EEG OpenMEEG,984,2048,2048,2952,2048,100.0,5e-06,1.5560013979554437e-07,32.133647222746106,spatial_covariance,johnson_volume,,johnson_volume,1.0,2000,100.0,eeg_openmeeg_scalar_noise_std,0.057241370800339114,27303.13496881266,53845.202348443316,,10.0,20.0,,,,,,,results/variants/eeg_openmeeg_johnson_volume_covariance_20260601_margin5mm/4de6dd14.npz
eeg_openmeeg,EEG OpenMEEG,1842,2048,2048,5526,2048,100.0,5e-06,1.5560013979554437e-07,32.133647222746106,spatial_covariance,johnson_volume,,johnson_volume,1.0,2000,100.0,eeg_openmeeg_scalar_noise_std,0.05771050169445502,26744.334810591114,59330.273394540665,,8.0,20.0,,,,,,,results/variants/eeg_openmeeg_johnson_volume_covariance_20260601_margin5mm/cf797dc0.npz
eeg_openmeeg,EEG OpenMEEG,4347,2048,2048,13041,2048,100.0,5e-06,1.5560013979554437e-07,32.133647222746106,spatial_covariance,johnson_volume,,johnson_volume,1.0,2000,100.0,eeg_openmeeg_scalar_noise_std,0.05683616710555453,27074.893273327853,68985.00813333131,,6.0,20.0,,,,,,,results/variants/eeg_openmeeg_johnson_volume_covariance_20260601_margin5mm/5c187df3.npz
eeg_openmeeg,EEG OpenMEEG,7347,2048,2048,22041,2048,100.0,5e-06,1.5560013979554437e-07,32.133647222746106,spatial_covariance,johnson_volume,,johnson_volume,1.0,2000,100.0,eeg_openmeeg_scalar_noise_std,0.056833406678536626,26606.317446973422,73823.35658786549,,5.0,20.0,,,,,,,results/variants/eeg_openmeeg_johnson_volume_covariance_20260601_margin5mm/52f0f512.npz
eeg_openmeeg,EEG OpenMEEG,14355,2048,2048,43065,2048,100.0,5e-06,1.5560013979554437e-07,32.133647222746106,spatial_covariance,johnson_volume,,johnson_volume,1.0,2000,100.0,eeg_openmeeg_scalar_noise_std,0.05654023478345923,26927.639628035835,81872.54449396221,,4.0,20.0,,,,,,,results/variants/eeg_openmeeg_johnson_volume_covariance_20260601_margin5mm/daa3c75a.npz
