method,num_sensors,num_brain_grid_points,n_outputs,n_sources,requested_sources,bitrate_bits_per_s,slq_s,slq_t,slq_batch,slq_frobenius_norm_sq,slq_logdet_alpha,total_input_power,noise_level,raw_noise_level,noise_multiplier,average_output_signal_amplitude,average_output_power,effective_time_resolution_seconds,time_step_seconds,input_power_convention,matrix_normalization,source
exact_svd,1000,4237,61000,4237,,40314763705.209114,,,,,,,,,,,,,,,,results/variants/us_free_field_analytical_50khz_convergence_20260531/001_50khz_4000src_1000sensors__552d9bf0.npz
exact_svd,1000,8385,61000,8385,,75244847554.47534,,,,,,,,,,,,,,,,results/variants/us_free_field_analytical_50khz_convergence_20260531/004_50khz_8000src_1000sensors__22948937.npz
exact_svd,1000,16601,61000,16601,,137086588784.7849,,,,,,,,,,,,,,,,results/variants/us_free_field_analytical_50khz_convergence_20260531/007_50khz_16000src_1000sensors__8d6fc7ca.npz
exact_svd,1000,32940,61000,32940,,231846322532.64935,,,,,,,,,,,,,,,,results/variants/us_free_field_analytical_50khz_convergence_20260531/010_50khz_32000src_1000sensors__4709539d.npz
exact_svd,1000,45177,61000,45177,,278946322546.3278,,,,,,,,,,,,,,,,results/variants/us_free_field_analytical_50khz_convergence_20260531/001_50khz_44000src_1000sensors__ceb50769.npz
exact_svd,3000,4237,183000,4237,,42257690759.28306,,,,,,,,,,,,,,,,results/variants/us_free_field_analytical_50khz_convergence_20260531/002_50khz_4000src_3000sensors__1e81505a.npz
exact_svd,3000,8385,183000,8385,,79883030421.63455,,,,,,,,,,,,,,,,results/variants/us_free_field_analytical_50khz_convergence_20260531/005_50khz_8000src_3000sensors__bb38ef3d.npz
exact_svd,3000,16601,183000,16601,,150967983889.34137,,,,,,,,,,,,,,,,results/variants/us_free_field_analytical_50khz_convergence_20260531/008_50khz_16000src_3000sensors__a3e43818.npz
exact_svd,3000,32940,183000,32940,,282769269795.6613,,,,,,,,,,,,,,,,results/variants/us_free_field_analytical_50khz_convergence_20260531/011_50khz_32000src_3000sensors__cf22b897.npz
exact_svd,3000,45177,183000,45177,,373348218073.42084,,,,,,,,,,,,,,,,results/variants/us_free_field_analytical_50khz_convergence_20260531/001_50khz_44000src_3000sensors__a97af02f.npz
exact_svd,6000,4237,366000,4237,,43379442917.58973,,,,,,,,,,,,,,,,results/variants/us_free_field_analytical_50khz_convergence_20260531/003_50khz_4000src_6000sensors__a150eb30.npz
exact_svd,6000,8385,366000,8385,,82257549553.90866,,,,,,,,,,,,,,,,results/variants/us_free_field_analytical_50khz_convergence_20260531/006_50khz_8000src_6000sensors__e89e3b06.npz
exact_svd,6000,16601,366000,16601,,156398225775.45288,,,,,,,,,,,,,,,,results/variants/us_free_field_analytical_50khz_convergence_20260531/009_50khz_16000src_6000sensors__bc69dbd9.npz
exact_svd,6000,32940,366000,32940,,297378631350.04736,,,,,,,,,,,,,,,,results/variants/us_free_field_analytical_50khz_convergence_20260531/012_50khz_32000src_6000sensors__e9dcf4ea.npz
exact_svd,6000,45177,366000,45177,,398789172243.6439,,,,,,,,,,,,,,,,results/variants/us_free_field_analytical_50khz_convergence_20260531/002_50khz_44000src_6000sensors__5e7ae3d4.npz
slq,1000,65518,61000,65518,64000,480903007944.2777,8,32,4,1.649641334758197e-10,8.528888698038369e+25,369777.34926205216,2.5724302808244014e-13,,1.0,0.001,,2e-06,2e-06,average_output_power,enabled,results/variants/us_free_field_analytical_50khz_slq_high_sources_20260601/json/001_50khz_64000src_1000sensors.json
slq,1000,98027,61000,98027,96000,481371035265.3248,8,32,4,7.375092647564305e-11,1.907719402071883e+26,827108.2536182896,2.1030571423940251e-13,,1.0,0.001,,2e-06,2e-06,average_output_power,enabled,results/variants/us_free_field_analytical_50khz_slq_high_sources_20260601/json/003_50khz_96000src_1000sensors.json
slq,1000,130399,61000,130399,128000,481583916687.6509,8,32,4,4.1697801621381145e-11,3.374184438687944e+26,1462906.859068594,1.8234203549434192e-13,2.0822071286531413e-09,1.0,0.001,7.668770466031182e-15,2e-06,2e-06,average_output_power,enabled,results/variants/us_free_field_analytical_50khz_slq_high_sources_20260601/json/001_50khz_128000src_1000sensors.json
slq,3000,65518,183000,65518,64000,556493459184.1107,8,32,4,1.6499650993309397e-10,2.5581645347907055e+26,369704.7896633418,1.4851933151055132e-13,,1.0,0.001,,2e-06,2e-06,average_output_power,enabled,results/variants/us_free_field_analytical_50khz_slq_high_sources_20260601/json/001_50khz_64000src_3000sensors.json
slq,3000,98027,183000,98027,96000,814933840384.5934,8,32,4,7.375093510825004e-11,5.723157536315319e+26,827108.156804595,1.2142006072823558e-13,,1.0,0.001,,2e-06,2e-06,average_output_power,enabled,results/variants/us_free_field_analytical_50khz_slq_high_sources_20260601/json/004_50khz_96000src_3000sensors.json
slq,3000,130399,183000,130399,128000,1069374179765.7688,8,32,4,4.170591716485097e-11,1.0120583571072069e+27,1462622.192407023,1.0527522327724263e-13,2.0822071286531417e-09,1.0,0.001,2.5562568220103943e-15,2e-06,2e-06,average_output_power,enabled,results/variants/us_free_field_analytical_50khz_slq_high_sources_20260601/json/002_50khz_128000src_3000sensors.json
slq,3000,195147,183000,195147,192000,1474430858270.9985,8,32,4,1.8630293173724387e-11,2.265601599176035e+27,3274237.2560208878,8.605623904908444e-14,2.0822071286531417e-09,1.0,0.001,1.7081140541916267e-15,2e-06,2e-06,average_output_power,enabled,results/variants/us_free_field_analytical_50khz_slq_high_sources_20260601/json/001_50khz_192000src_3000sensors.json
slq,3000,259867,183000,259867,256000,1475280648663.0115,8,32,4,1.0511281025630332e-11,4.015573544707618e+27,5803288.852353937,7.457405097048772e-14,2.0822071286531417e-09,1.0,0.001,1.2827074362398197e-15,2e-06,2e-06,average_output_power,enabled,results/variants/us_free_field_analytical_50khz_slq_high_sources_20260601/json/001_50khz_256000src_3000sensors.json
slq,6000,65518,366000,65518,64000,578631210195.5227,8,32,4,1.649901790533135e-10,5.116525389534773e+26,369718.97569908685,1.0501902644840372e-13,,1.0,0.001,,2e-06,2e-06,average_output_power,enabled,results/variants/us_free_field_analytical_50khz_slq_high_sources_20260601/json/002_50khz_64000src_6000sensors.json
slq,6000,98027,366000,98027,96000,849080609817.0631,8,32,4,7.375095113528878e-11,1.1446312585197839e+27,827107.9770632593,8.585694831301778e-14,,1.0,0.001,,2e-06,2e-06,average_output_power,enabled,results/variants/us_free_field_analytical_50khz_slq_high_sources_20260601/json/005_50khz_96000src_6000sensors.json
slq,6000,130399,366000,130399,128000,1114888918619.5083,8,32,4,4.170432436111173e-11,2.0241940208419747e+27,1462678.0540025008,7.444082427026613e-14,2.0822071286531417e-09,1.0,0.001,1.2781284110051968e-15,2e-06,2e-06,average_output_power,enabled,results/variants/us_free_field_analytical_50khz_slq_high_sources_20260601/json/003_50khz_128000src_6000sensors.json
slq,6000,195147,366000,195147,192000,1636634176193.9988,8,32,4,1.863029592648899e-11,4.53120252883314e+27,3274236.772228013,6.085095019501819e-14,2.0822071286531417e-09,1.0,0.001,8.540570270958134e-16,2e-06,2e-06,average_output_power,enabled,results/variants/us_free_field_analytical_50khz_slq_high_sources_20260601/json/002_50khz_192000src_6000sensors.json
slq,6000,259867,366000,259867,256000,2152885997798.195,8,32,4,1.0511281304700555e-11,8.031146876191568e+27,5803288.698278994,5.273181714178311e-14,2.0822071286531417e-09,1.0,0.001,6.413537181199102e-16,2e-06,2e-06,average_output_power,enabled,results/variants/us_free_field_analytical_50khz_slq_high_sources_20260601/json/002_50khz_256000src_6000sensors.json
slq,6000,389096,366000,389096,384000,2984380763671.6025,8,32,4,4.69111325247819e-12,1.7995226180144143e+28,13003310.028333958,4.309430893564412e-14,2.0822071286531417e-09,1.0,0.001,4.283433051654775e-16,2e-06,2e-06,average_output_power,enabled,results/variants/us_free_field_analytical_50khz_slq_high_sources_20260601/json/001_50khz_384000src_6000sensors.json
slq,6000,518121,366000,518121,512000,2984471305173.4062,8,32,4,2.64647827242317e-12,3.189810583168783e+28,23049499.644728664,3.7345020852340435e-14,2.0822071286531417e-09,1.0,0.001,3.216751814087185e-16,2e-06,2e-06,average_output_power,enabled,results/variants/us_free_field_analytical_50khz_slq_high_sources_20260601/json/001_50khz_512000src_6000sensors.json
