modality,label,n_voxels,n_sensors,n_outputs,n_sources,n_singular_values,bandwidth_hz,output_amplitude,output_noise,output_snr,noise_model_type,noise_correlation_length_mm,noise_correlation_kernel,total_input_power,bitrate_bits_per_s,channel_capacity_bits_per_s,frequency_hz,source_spacing_mm,grid_resolution_mm,spectrum_estimate_method,spectrum_reference_num_sensors,spectrum_reference_path,spectrum_reference_hash,spectrum_reference_singular_value_count,spectrum_scale_factor,path
meg_squid,MEG SQUID,50,50,150,150,150,100.0,1e-13,5e-14,2.0,spatial_covariance,5.0,gaussian,1.790603819764543e-15,4919.496757015156,7791.074279815666,,30.0,,,,,,,,results/variants/meg_squid/09435bb5.npz
meg_squid,MEG SQUID,50,50,150,150,150,100.0,1e-13,5e-14,2.0,scalar_iid,,,1.7906038197645416e-15,4919.496757015242,7791.074279815768,,30,,,,,,,,results/variants/meg_squid/9ef79695.npz
meg_squid,MEG SQUID,153,50,150,459,150,100.0,1e-13,5e-14,2.0,scalar_iid,,,1.922166450472244e-15,5223.21913792641,11040.488094662873,,20.0,,,,,,,,results/variants/meg_squid/5ecc8fbc.npz
meg_squid,MEG SQUID,153,50,150,459,150,100.0,1e-13,5e-14,2.0,spatial_covariance,5.0,gaussian,1.922166450472245e-15,5223.219137926324,11040.488094662809,,20.0,,,,,,,,results/variants/meg_squid/fe82a01e.npz
meg_squid,MEG SQUID,360,50,150,1080,150,100.0,1e-13,5e-14,2.0,spatial_covariance,5.0,gaussian,1.7362469914111932e-15,5421.795073830277,14385.689968002353,,15.0,,,,,,,,results/variants/meg_squid/6aefeca7.npz
meg_squid,MEG SQUID,360,50,150,1080,150,100.0,1e-13,5e-14,2.0,scalar_iid,,,1.7362469914111934e-15,5421.795073830352,14385.689968002373,,15,,,,,,,,results/variants/meg_squid/777b27c0.npz
meg_squid,MEG SQUID,1153,50,150,3459,150,100.0,1e-13,5e-14,2.0,spatial_covariance,5.0,gaussian,1.7482228738917572e-15,5393.515039553353,19254.601509072887,,10.0,,,,,,,,results/variants/meg_squid/c570cf9e.npz
meg_squid,MEG SQUID,1153,50,150,3459,150,100.0,1e-13,5e-14,2.0,scalar_iid,,,1.748222873891757e-15,5393.515039553437,19254.601509072887,,10.0,,,,,,,,results/variants/meg_squid/f7c3ebaa.npz
meg_squid,MEG SQUID,8937,50,150,26811,150,100.0,1e-13,5e-14,2.0,scalar_iid,,,1.6795583017440051e-15,5429.358652218318,30925.609966673317,,5.0,,,,,,,,results/variants/meg_squid/00eb0f8b.npz
meg_squid,MEG SQUID,8937,50,150,26811,150,100.0,1e-13,5e-14,2.0,spatial_covariance,5.0,gaussian,1.6795583017440034e-15,5429.35865221824,30925.60996667348,,5.0,,,,,,,,results/variants/meg_squid/ae620f39.npz
meg_squid,MEG SQUID,50,100,300,150,150,100.0,1e-13,5e-14,2.0,scalar_iid,,,1.7912017271254714e-15,6370.72079640805,9406.566306033057,,30,,,,,,,,results/variants/meg_squid/61e86380.npz
meg_squid,MEG SQUID,50,100,300,150,150,100.0,1e-13,5e-14,2.0,spatial_covariance,5.0,gaussian,1.791201727125471e-15,6370.720507778914,9406.565994838204,,30.0,,,,,,,,results/variants/meg_squid/ebfa929d.npz
meg_squid,MEG SQUID,153,100,300,459,300,100.0,1e-13,5e-14,2.0,scalar_iid,,,1.9224343266222033e-15,6901.297693778109,13350.875273192747,,20.0,,,,,,,,results/variants/meg_squid/944491cb.npz
meg_squid,MEG SQUID,153,100,300,459,300,100.0,1e-13,5e-14,2.0,spatial_covariance,5.0,gaussian,1.9224343266222033e-15,6901.297394420519,13350.874939661138,,20.0,,,,,,,,results/variants/meg_squid/f9f4240d.npz
meg_squid,MEG SQUID,360,100,300,1080,300,100.0,1e-13,5e-14,2.0,spatial_covariance,5.0,gaussian,1.7363569727233646e-15,7203.686672044384,17214.32496370245,,15.0,,,,,,,,results/variants/meg_squid/04c48cf1.npz
meg_squid,MEG SQUID,360,100,300,1080,300,100.0,1e-13,5e-14,2.0,scalar_iid,,,1.7363569727233636e-15,7203.686974688875,17214.325285306393,,15,,,,,,,,results/variants/meg_squid/80e06f3b.npz
meg_squid,MEG SQUID,1153,100,300,3459,300,100.0,1e-13,5e-14,2.0,spatial_covariance,5.0,gaussian,1.7480530204847469e-15,7173.51590517551,22780.463794092382,,10.0,,,,,,,,results/variants/meg_squid/01929a38.npz
meg_squid,MEG SQUID,1153,100,300,3459,300,100.0,1e-13,5e-14,2.0,scalar_iid,,,1.7480530204847455e-15,7173.516206574035,22780.46407414364,,10.0,,,,,,,,results/variants/meg_squid/dde4cc1f.npz
meg_squid,MEG SQUID,8937,100,300,26811,300,100.0,1e-13,5e-14,2.0,scalar_iid,,,1.6795340757746608e-15,7225.751334126521,36103.192970573495,,5.0,,,,,,,,results/variants/meg_squid/176cf90d.npz
meg_squid,MEG SQUID,8937,100,300,26811,300,100.0,1e-13,5e-14,2.0,spatial_covariance,5.0,gaussian,1.6795340757746614e-15,7225.751033057193,36103.19286468598,,5.0,,,,,,,,results/variants/meg_squid/a96dcef0.npz
meg_squid,MEG SQUID,50,200,600,150,150,100.0,1e-13,5e-14,2.0,scalar_iid,,,1.7914272947066156e-15,8044.286735244903,11221.624676427915,,30,,,,,,,,results/variants/meg_squid/7a59b3cb.npz
meg_squid,MEG SQUID,50,200,600,150,150,100.0,1e-13,5e-14,2.0,spatial_covariance,5.0,gaussian,1.791427294706617e-15,8042.825381444888,11220.069497473974,,30.0,,,,,,,,results/variants/meg_squid/b45c40b6.npz
meg_squid,MEG SQUID,153,200,600,459,459,100.0,1e-13,5e-14,2.0,spatial_covariance,5.0,gaussian,1.922554564158782e-15,8904.888991174603,16014.734246693251,,20.0,,,,,,,,results/variants/meg_squid/69b3818e.npz
meg_squid,MEG SQUID,153,200,600,459,459,100.0,1e-13,5e-14,2.0,scalar_iid,,,1.9225545641587816e-15,8906.546824269166,16016.720442304011,,20.0,,,,,,,,results/variants/meg_squid/8ea1936b.npz
meg_squid,MEG SQUID,360,200,600,1080,600,100.0,1e-13,5e-14,2.0,scalar_iid,,,1.7364423794666133e-15,9346.78171968763,20406.890006116573,,15,,,,,,,,results/variants/meg_squid/66da584f.npz
meg_squid,MEG SQUID,360,200,600,1080,600,100.0,1e-13,5e-14,2.0,spatial_covariance,5.0,gaussian,1.7364423794666133e-15,9345.054694837945,20404.713773134674,,15.0,,,,,,,,results/variants/meg_squid/d47c6a71.npz
meg_squid,MEG SQUID,1153,200,600,3459,600,100.0,1e-13,5e-14,2.0,spatial_covariance,5.0,gaussian,1.7480139603034577e-15,9318.732598100534,26722.806978960052,,10.0,,,,,,,,results/variants/meg_squid/1383ca64.npz
meg_squid,MEG SQUID,1153,200,600,3459,600,100.0,1e-13,5e-14,2.0,scalar_iid,,,1.7480139603034567e-15,9320.45573279875,26725.12239141778,,10.0,,,,,,,,results/variants/meg_squid/474e5783.npz
meg_squid,MEG SQUID,8937,200,600,26811,600,100.0,1e-13,5e-14,2.0,spatial_covariance,5.0,gaussian,1.6795217560938756e-15,9393.310902983814,41635.32911484609,,5.0,,,,,,,,results/variants/meg_squid/4e897033.npz
meg_squid,MEG SQUID,8937,200,600,26811,600,100.0,1e-13,5e-14,2.0,scalar_iid,,,1.6795217560938738e-15,9395.042835556318,41637.63484323759,,5.0,,,,,,,,results/variants/meg_squid/b8319ac4.npz
meg_squid,MEG SQUID,50,500,1500,150,150,100.0,1e-13,5e-14,2.0,spatial_covariance,5.0,gaussian,1.7916036601167075e-15,10314.774665834144,13629.338367424543,,30.0,,,,,,,,results/variants/meg_squid/03af255d.npz
meg_squid,MEG SQUID,50,500,1500,150,150,100.0,1e-13,5e-14,2.0,scalar_iid,,,1.7916036601167075e-15,10610.333900174792,13938.559993655832,,30,,,,,,,,results/variants/meg_squid/8053d053.npz
meg_squid,MEG SQUID,153,500,1500,459,459,100.0,1e-13,5e-14,2.0,spatial_covariance,5.0,gaussian,1.922639947747127e-15,11742.521583952153,19557.275697642883,,20.0,,,,,,,,results/variants/meg_squid/01b112dc.npz
meg_squid,MEG SQUID,153,500,1500,459,459,100.0,1e-13,5e-14,2.0,scalar_iid,,,1.922639947747126e-15,12102.466353675454,19978.944201536502,,20.0,,,,,,,,results/variants/meg_squid/8a4ed53f.npz
meg_squid,MEG SQUID,360,500,1500,1080,1080,100.0,1e-13,5e-14,2.0,scalar_iid,,,1.7365393775231629e-15,12798.424659992696,25253.952297703334,,15,,,,,,,,results/variants/meg_squid/2386f054.npz
meg_squid,MEG SQUID,360,500,1500,1080,1080,100.0,1e-13,5e-14,2.0,spatial_covariance,5.0,gaussian,1.7365393775231632e-15,12412.554742131353,24753.502850238907,,15.0,,,,,,,,results/variants/meg_squid/c8e2aefb.npz
meg_squid,MEG SQUID,1153,500,1500,3459,1500,100.0,1e-13,5e-14,2.0,spatial_covariance,5.0,gaussian,1.7479854502464895e-15,12405.443814978265,32091.350053491373,,10.0,,,,,,,,results/variants/meg_squid/03b35d40.npz
meg_squid,MEG SQUID,1153,500,1500,3459,1500,100.0,1e-13,5e-14,2.0,scalar_iid,,,1.7479854502464887e-15,12793.464977051577,32667.233369820053,,10.0,,,,,,,,results/variants/meg_squid/6fdb98e9.npz
meg_squid,MEG SQUID,8937,500,1500,26811,1500,100.0,1e-13,5e-14,2.0,spatial_covariance,5.0,gaussian,1.679511711713043e-15,12516.888464501422,49138.5165116084,,5.0,,,,,,,,results/variants/meg_squid/35194b19.npz
meg_squid,MEG SQUID,8937,500,1500,26811,1500,100.0,1e-13,5e-14,2.0,scalar_iid,,,1.679511711713043e-15,12908.934804652872,49832.84237307938,,5.0,,,,,,,,results/variants/meg_squid/87b327ba.npz
meg_squid,MEG SQUID,8937,600,1800,26811,1800,100.0,1e-13,5e-14,2.0,scalar_iid,,,1.6795105276502217e-15,13703.282131454347,51590.674920276986,,5.0,,,,,,,,results/variants/meg_squid/05fe146f.npz
meg_squid,MEG SQUID,50,700,2100,150,150,100.0,1e-13,5e-14,2.0,scalar_iid,,,1.7916346648246838e-15,11653.783126809973,15020.512641696849,,30,,,,,,,,results/variants/meg_squid/303ece3b.npz
meg_squid,MEG SQUID,50,700,2100,150,150,100.0,1e-13,5e-14,2.0,spatial_covariance,5.0,gaussian,1.7916346648246838e-15,10822.415204053,14158.371067179369,,30.0,,,,,,,,results/variants/meg_squid/e6218794.npz
meg_squid,MEG SQUID,153,700,2100,459,459,100.0,1e-13,5e-14,2.0,scalar_iid,,,1.922656115548606e-15,13436.866407932788,21545.764782949296,,20.0,,,,,,,,results/variants/meg_squid/454a8caa.npz
meg_squid,MEG SQUID,153,700,2100,459,459,100.0,1e-13,5e-14,2.0,spatial_covariance,5.0,gaussian,1.922656115548605e-15,12403.985250071053,20351.663524956224,,20.0,,,,,,,,results/variants/meg_squid/57fa9ec0.npz
meg_squid,MEG SQUID,360,700,2100,1080,1080,100.0,1e-13,5e-14,2.0,scalar_iid,,,1.7365517450335316e-15,14256.02724030241,27224.05293269399,,15,,,,,,,,results/variants/meg_squid/09ca9691.npz
meg_squid,MEG SQUID,360,700,2100,1080,1080,100.0,1e-13,5e-14,2.0,spatial_covariance,5.0,gaussian,1.7365517450335298e-15,13136.765452521351,25769.223335591716,,15.0,,,,,,,,results/variants/meg_squid/585ab194.npz
meg_squid,MEG SQUID,1153,700,2100,3459,2100,100.0,1e-13,5e-14,2.0,spatial_covariance,5.0,gaussian,1.7479796930546295e-15,13137.852880675235,33372.14489303557,,10.0,,,,,,,,results/variants/meg_squid/26a7263d.npz
meg_squid,MEG SQUID,1153,700,2100,3459,2100,100.0,1e-13,5e-14,2.0,scalar_iid,,,1.747979693054631e-15,14266.34983660612,35075.682015565166,,10.0,,,,,,,,results/variants/meg_squid/e514e63f.npz
meg_squid,MEG SQUID,8937,700,2100,26811,2100,100.0,1e-13,5e-14,2.0,spatial_covariance,5.0,gaussian,1.679509674497083e-15,13258.923498318083,50987.80463288555,,5.0,,,,,,,,results/variants/meg_squid/05a61675.npz
meg_squid,MEG SQUID,8937,700,2100,26811,2100,100.0,1e-13,5e-14,2.0,scalar_iid,,,1.6795096744970834e-15,14400.87105320732,53109.77687785197,,5.0,,,,,,,,results/variants/meg_squid/14ad9e6b.npz
meg_squid,MEG SQUID,8937,1000,3000,26811,3000,100.0,1e-13,5e-14,2.0,spatial_covariance,5.0,gaussian,1.6795081233343601e-15,13628.935700982871,51975.727247679046,,5.0,,,,,,,,results/variants/meg_squid/1bec7ca5.npz
meg_squid,MEG SQUID,8937,1000,3000,26811,3000,100.0,1e-13,5e-14,2.0,scalar_iid,,,1.6795081233343595e-15,16108.812720011923,56745.041821855775,,5.0,,,,,,,,results/variants/meg_squid/afe21bda.npz
meg_squid,MEG SQUID,8937,1200,3600,26811,3600,100.0,1e-13,5e-14,2.0,spatial_covariance,5.0,gaussian,1.6795075145663886e-15,13708.409019234206,52203.63874940842,,5.0,,,,,,,,results/variants/meg_squid/05d093a3.npz
meg_squid,MEG SQUID,8937,1200,3600,26811,3600,100.0,1e-13,5e-14,2.0,scalar_iid,,,1.6795075145663886e-15,17033.88806082248,58672.63615762301,,5.0,,,,,,,,results/variants/meg_squid/383446d1.npz
meg_squid,MEG SQUID,8937,1500,4500,26811,4500,100.0,1e-13,5e-14,2.0,scalar_iid,,,1.6795069027211971e-15,18215.413795688426,61098.20793980326,,5.0,,,,,,,,results/variants/meg_squid/4fae9a5d.npz
meg_squid,MEG SQUID,8937,1500,4500,26811,4500,100.0,1e-13,5e-14,2.0,spatial_covariance,5.0,gaussian,1.6795069027211971e-15,13761.425990519296,52361.58148425307,,5.0,,,,,,,,results/variants/meg_squid/ed115485.npz
meg_squid,MEG SQUID,8937,2000,6000,26811,6000,100.0,1e-13,5e-14,2.0,scalar_iid,,,1.6795062878160426e-15,19820.889581946467,64329.392201948904,,5.0,,,,,,,,results/variants/meg_squid/40f0f201.npz
meg_squid,MEG SQUID,8937,2000,6000,26811,6000,100.0,1e-13,5e-14,2.0,spatial_covariance,5.0,gaussian,1.6795062878160426e-15,13801.977155054648,52484.67128932566,,5.0,,,,,,,,results/variants/meg_squid/e2ebf0ab.npz
meg_squid,MEG SQUID,8937,2500,7500,26811,7500,100.0,1e-13,5e-14,2.0,spatial_covariance,5.0,gaussian,1.6795059173971914e-15,13829.471829676348,52566.650949148025,,5.0,,,,,,,,results/variants/meg_squid/31cacb66.npz
meg_squid,MEG SQUID,8937,2500,7500,26811,7500,100.0,1e-13,5e-14,2.0,scalar_iid,,,1.6795059173971914e-15,21131.707027508237,66917.65022354812,,5.0,,,,,,,,results/variants/meg_squid/e5e71902.npz
meg_squid,MEG SQUID,8937,3000,9000,26811,9000,100.0,1e-13,5e-14,2.0,scalar_iid,,,1.6795056698355075e-15,22246.27590303135,69086.66722678412,,5.0,,,,,,,,results/variants/meg_squid/10bf6d54.npz
meg_squid,MEG SQUID,8937,3000,9000,26811,9000,100.0,1e-13,5e-14,2.0,spatial_covariance,5.0,gaussian,1.6795056698355075e-15,13854.303069713564,52639.47827818731,,5.0,,,,,,,,results/variants/meg_squid/f936f97f.npz
meg_squid,MEG SQUID,8937,4000,12000,26811,9000,100.0,1e-13,5e-14,2.0,scalar_iid,,,1.6795056698355075e-15,24086.504762326167,72610.41335019446,,5.0,,sensor_count_sqrt_scaling_extrapolation,3000,results/variants/meg_squid/10bf6d54.npz,10bf6d54,9000,1.1547005383792515,results/variants/meg_squid/f986d0c3.npz
meg_squid,MEG SQUID,8937,5000,15000,26811,9000,100.0,1e-13,5e-14,2.0,scalar_iid,,,1.6795056698355075e-15,25584.35009610318,75429.13779614463,,5.0,,sensor_count_sqrt_scaling_extrapolation,3000,results/variants/meg_squid/10bf6d54.npz,10bf6d54,9000,1.2909944487358056,results/variants/meg_squid/1f93e58e.npz
meg_squid,MEG SQUID,8937,7500,22500,26811,9000,100.0,1e-13,5e-14,2.0,scalar_iid,,,1.679505669835507e-15,28468.43767037729,80758.28645456824,,5.0,,sensor_count_sqrt_scaling_extrapolation,3000,results/variants/meg_squid/10bf6d54.npz,10bf6d54,9000,1.5811388300841898,results/variants/meg_squid/245093e4.npz
meg_squid,MEG SQUID,8937,10000,30000,26811,9000,100.0,1e-13,5e-14,2.0,scalar_iid,,,1.679505669835507e-15,30645.62327686342,84700.60933314869,,5.0,,sensor_count_sqrt_scaling_extrapolation,3000,results/variants/meg_squid/10bf6d54.npz,10bf6d54,9000,1.8257418583505538,results/variants/meg_squid/850b5b51.npz
eeg_openmeeg,EEG OpenMEEG,18,32,32,54,32,100.0,5e-06,5.501295700150211e-08,90.88767942184016,scalar_iid,,,0.06301444601171088,14463.488573776322,15652.557014559497,,40.0,20.0,,,,,,,results/variants/eeg_openmeeg_clean_sweep_20260601_margin5mm/16a0f4db.npz
eeg_openmeeg,EEG OpenMEEG,18,32,32,54,32,100.0,5e-06,5.501295700150211e-08,90.88767942184016,spatial_covariance,5.0,gaussian,0.06301309020199022,14463.581143567551,15652.643636050861,,40.0,20.0,,,,,,,results/variants/eeg_openmeeg_correlated_noise_20260601_margin5mm/7f6cc074.npz
eeg_openmeeg,EEG OpenMEEG,43,32,32,129,32,100.0,5e-06,5.501295700150211e-08,90.88767942184016,scalar_iid,,,0.060564673796138786,15831.675533664627,19041.777107571357,,30.0,20.0,,,,,,,results/variants/eeg_openmeeg_clean_sweep_20260601_margin5mm/b41fbd68.npz
eeg_openmeeg,EEG OpenMEEG,43,32,32,129,32,100.0,5e-06,5.501295700150211e-08,90.88767942184016,spatial_covariance,5.0,gaussian,0.06009539562580832,15841.68860730806,19051.91190742739,,30.0,20.0,,,,,,,results/variants/eeg_openmeeg_correlated_noise_20260601_margin5mm/a0234155.npz
eeg_openmeeg,EEG OpenMEEG,148,32,32,444,32,100.0,5e-06,5.501295700150211e-08,90.88767942184016,scalar_iid,,,0.05581867013710753,16583.618621174297,22649.783009011473,,20.0,20.0,,,,,,,results/variants/eeg_openmeeg_clean_sweep_20260601_margin5mm/4c48df03.npz
eeg_openmeeg,EEG OpenMEEG,148,32,32,444,32,100.0,5e-06,5.501295700150211e-08,90.88767942184016,spatial_covariance,5.0,gaussian,0.05549417387720338,16590.73543887407,22656.914416537467,,20.0,20.0,,,,,,,results/variants/eeg_openmeeg_correlated_noise_20260601_margin5mm/fd9cdffc.npz
eeg_openmeeg,EEG OpenMEEG,302,32,32,906,32,100.0,5e-06,5.501295700150211e-08,90.88767942184016,scalar_iid,,,0.05886114763821924,16155.021114817122,23865.479701415996,,15.0,20.0,,,,,,,results/variants/eeg_openmeeg_clean_sweep_20260601_margin5mm/60b46769.npz
eeg_openmeeg,EEG OpenMEEG,302,32,32,906,32,100.0,5e-06,5.501295700150211e-08,90.88767942184016,spatial_covariance,5.0,gaussian,0.058357365178420294,16155.082744638696,23865.54280651629,,15.0,20.0,,,,,,,results/variants/eeg_openmeeg_correlated_noise_20260601_margin5mm/949186b4.npz
eeg_openmeeg,EEG OpenMEEG,984,32,32,2952,32,100.0,5e-06,5.501295700150211e-08,90.88767942184016,scalar_iid,,,0.05727485907698288,16252.245983108895,26689.892740803734,,10.0,20.0,,,,,,,results/variants/eeg_openmeeg_clean_sweep_20260601_margin5mm/3f3ff213.npz
eeg_openmeeg,EEG OpenMEEG,984,32,32,2952,32,100.0,5e-06,5.501295700150211e-08,90.88767942184016,spatial_covariance,5.0,gaussian,0.05719782619735742,16251.661272869751,26689.30461217327,,10.0,20.0,,,,,,,results/variants/eeg_openmeeg_correlated_noise_20260601_margin5mm/dcf5f33c.npz
eeg_openmeeg,EEG OpenMEEG,1842,32,32,5526,32,100.0,5e-06,5.501295700150211e-08,90.88767942184016,scalar_iid,,,0.05767667626601474,16157.791773606783,28042.282198721467,,8.0,20.0,,,,,,,results/variants/eeg_openmeeg_clean_sweep_20260601_margin5mm/e2794315.npz
eeg_openmeeg,EEG OpenMEEG,1842,32,32,5526,32,100.0,5e-06,5.501295700150211e-08,90.88767942184016,spatial_covariance,5.0,gaussian,0.0573585794639805,16157.58966649027,28042.077654188466,,8.0,20.0,,,,,,,results/variants/eeg_openmeeg_correlated_noise_20260601_margin5mm/cd9e5549.npz
eeg_openmeeg,EEG OpenMEEG,4347,32,32,13041,32,100.0,5e-06,5.501295700150211e-08,90.88767942184016,scalar_iid,,,0.05672626578551337,16226.990981445862,30093.776905032028,,6.0,20.0,,,,,,,results/variants/eeg_openmeeg_clean_sweep_20260601_margin5mm/7a8009ad.npz
eeg_openmeeg,EEG OpenMEEG,4347,32,32,13041,32,100.0,5e-06,5.501295700150211e-08,90.88767942184016,spatial_covariance,5.0,gaussian,0.05649982459687066,16226.459706884461,30093.242261843654,,6.0,20.0,,,,,,,results/variants/eeg_openmeeg_correlated_noise_20260601_margin5mm/20128028.npz
eeg_openmeeg,EEG OpenMEEG,7347,32,32,22041,32,100.0,5e-06,5.501295700150211e-08,90.88767942184016,scalar_iid,,,0.056986015911766434,16163.096073659568,31240.996233604026,,5.0,20.0,,,,,,,results/variants/eeg_openmeeg_clean_sweep_20260601_margin5mm/a9d95773.npz
eeg_openmeeg,EEG OpenMEEG,14355,32,32,43065,32,100.0,5e-06,5.501295700150211e-08,90.88767942184016,scalar_iid,,,0.05647913684554005,16209.601558722099,32833.85640556409,,4.0,20.0,,,,,,,results/variants/eeg_openmeeg_clean_sweep_20260601_margin5mm/395389e8.npz
eeg_openmeeg,EEG OpenMEEG,18,64,64,54,54,100.0,5e-06,6.542179988352507e-08,76.42712381655417,scalar_iid,,,0.06321614352528797,17300.11299332034,17788.995172231596,,40.0,20.0,,,,,,,results/variants/eeg_openmeeg_clean_sweep_20260601_margin5mm/3d048cc4.npz
eeg_openmeeg,EEG OpenMEEG,18,64,64,54,54,100.0,5e-06,6.542179988352507e-08,76.42712381655417,spatial_covariance,5.0,gaussian,0.0632311199235087,17300.133371695778,17789.041495396035,,40.0,20.0,,,,,,,results/variants/eeg_openmeeg_correlated_noise_20260601_margin5mm/2ae16efa.npz
eeg_openmeeg,EEG OpenMEEG,43,64,64,129,64,100.0,5e-06,6.542179988352507e-08,76.42712381655417,scalar_iid,,,0.06006296295921748,22078.88965195788,25155.291167019077,,30.0,20.0,,,,,,,results/variants/eeg_openmeeg_clean_sweep_20260601_margin5mm/e42cdeb1.npz
eeg_openmeeg,EEG OpenMEEG,43,64,64,129,64,100.0,5e-06,6.542179988352507e-08,76.42712381655417,spatial_covariance,5.0,gaussian,0.06008255590281158,22084.41660861435,25160.912406402982,,30.0,20.0,,,,,,,results/variants/eeg_openmeeg_correlated_noise_20260601_margin5mm/8ed745ef.npz
eeg_openmeeg,EEG OpenMEEG,148,64,64,444,64,100.0,5e-06,6.542179988352507e-08,76.42712381655417,scalar_iid,,,0.0559402032442092,24948.15385780437,33757.046282712414,,20.0,20.0,,,,,,,results/variants/eeg_openmeeg_clean_sweep_20260601_margin5mm/5c72d30e.npz
eeg_openmeeg,EEG OpenMEEG,148,64,64,444,64,100.0,5e-06,6.542179988352507e-08,76.42712381655417,spatial_covariance,5.0,gaussian,0.05548621854871387,24936.058821660536,33744.4352288671,,20.0,20.0,,,,,,,results/variants/eeg_openmeeg_correlated_noise_20260601_margin5mm/8fcea973.npz
eeg_openmeeg,EEG OpenMEEG,302,64,64,906,64,100.0,5e-06,6.542179988352507e-08,76.42712381655417,scalar_iid,,,0.05888257545303673,23794.1516755886,35824.6735819655,,15.0,20.0,,,,,,,results/variants/eeg_openmeeg_clean_sweep_20260601_margin5mm/e71f8a71.npz
eeg_openmeeg,EEG OpenMEEG,302,64,64,906,64,100.0,5e-06,6.542179988352507e-08,76.42712381655417,spatial_covariance,5.0,gaussian,0.05840816488506639,23780.910304827972,35810.504826969955,,15.0,20.0,,,,,,,results/variants/eeg_openmeeg_correlated_noise_20260601_margin5mm/8c905dfd.npz
eeg_openmeeg,EEG OpenMEEG,984,64,64,2952,64,100.0,5e-06,6.542179988352507e-08,76.42712381655417,scalar_iid,,,0.057486144316510286,24122.625689362747,41634.0672893829,,10.0,20.0,,,,,,,results/variants/eeg_openmeeg_clean_sweep_20260601_margin5mm/ff6848fc.npz
eeg_openmeeg,EEG OpenMEEG,984,64,64,2952,64,100.0,5e-06,6.542179988352507e-08,76.42712381655417,spatial_covariance,5.0,gaussian,0.05735379348170216,24121.93494475642,41633.41203633877,,10.0,20.0,,,,,,,results/variants/eeg_openmeeg_correlated_noise_20260601_margin5mm/705c75e2.npz
eeg_openmeeg,EEG OpenMEEG,1842,64,64,5526,64,100.0,5e-06,6.542179988352507e-08,76.42712381655417,scalar_iid,,,0.057502188363959886,23806.250133356647,44189.909600391285,,8.0,20.0,,,,,,,results/variants/eeg_openmeeg_clean_sweep_20260601_margin5mm/1b9701fc.npz
eeg_openmeeg,EEG OpenMEEG,1842,64,64,5526,64,100.0,5e-06,6.542179988352507e-08,76.42712381655417,spatial_covariance,5.0,gaussian,0.057342781002270145,23804.132691860723,44187.64101959692,,8.0,20.0,,,,,,,results/variants/eeg_openmeeg_correlated_noise_20260601_margin5mm/77b3f395.npz
eeg_openmeeg,EEG OpenMEEG,4347,64,64,13041,64,100.0,5e-06,6.542179988352507e-08,76.42712381655417,scalar_iid,,,0.056787205292532984,24017.2860973704,48378.987268343146,,6.0,20.0,,,,,,,results/variants/eeg_openmeeg_clean_sweep_20260601_margin5mm/a4b76918.npz
eeg_openmeeg,EEG OpenMEEG,4347,64,64,13041,64,100.0,5e-06,6.542179988352507e-08,76.42712381655417,spatial_covariance,5.0,gaussian,0.05662017862483818,24017.25841648021,48378.82987331557,,6.0,20.0,,,,,,,results/variants/eeg_openmeeg_correlated_noise_20260601_margin5mm/c2d8e101.npz
eeg_openmeeg,EEG OpenMEEG,7347,64,64,22041,64,100.0,5e-06,6.542179988352507e-08,76.42712381655417,scalar_iid,,,0.056904229003947676,23817.195780111684,50588.136876083634,,5.0,20.0,,,,,,,results/variants/eeg_openmeeg_clean_sweep_20260601_margin5mm/116e2b33.npz
eeg_openmeeg,EEG OpenMEEG,14355,64,64,43065,64,100.0,5e-06,6.542179988352507e-08,76.42712381655417,scalar_iid,,,0.05652542175343812,23962.14527387641,53835.04117197697,,4.0,20.0,,,,,,,results/variants/eeg_openmeeg_clean_sweep_20260601_margin5mm/2677dd86.npz
eeg_openmeeg,EEG OpenMEEG,18,128,128,54,54,100.0,5e-06,7.780006989777219e-08,64.26729444549221,scalar_iid,,,0.06304174862554601,18631.575604774516,18998.672741972172,,40.0,20.0,,,,,,,results/variants/eeg_openmeeg_clean_sweep_20260601_margin5mm/72cd4b4d.npz
eeg_openmeeg,EEG OpenMEEG,18,128,128,54,54,100.0,5e-06,7.780006989777219e-08,64.26729444549221,spatial_covariance,5.0,gaussian,0.0630908126659385,18627.94891714659,18995.63471384687,,40.0,20.0,,,,,,,results/variants/eeg_openmeeg_correlated_noise_20260601_margin5mm/cd81ea77.npz
eeg_openmeeg,EEG OpenMEEG,43,128,128,129,128,100.0,5e-06,7.780006989777219e-08,64.26729444549221,scalar_iid,,,0.06092810207617268,24988.4403843425,27640.68235583445,,30.0,20.0,,,,,,,results/variants/eeg_openmeeg_clean_sweep_20260601_margin5mm/ec21b2e2.npz
eeg_openmeeg,EEG OpenMEEG,43,128,128,129,128,100.0,5e-06,7.780006989777219e-08,64.26729444549221,spatial_covariance,5.0,gaussian,0.06014973174960828,24976.40203378392,27628.7362021632,,30.0,20.0,,,,,,,results/variants/eeg_openmeeg_correlated_noise_20260601_margin5mm/62619732.npz
eeg_openmeeg,EEG OpenMEEG,148,128,128,444,128,100.0,5e-06,7.780006989777219e-08,64.26729444549221,scalar_iid,,,0.055843751494435774,29994.18975900168,39653.007006298205,,20.0,20.0,,,,,,,results/variants/eeg_openmeeg_clean_sweep_20260601_margin5mm/ac6f9ad9.npz
eeg_openmeeg,EEG OpenMEEG,148,128,128,444,128,100.0,5e-06,7.780006989777219e-08,64.26729444549221,spatial_covariance,5.0,gaussian,0.05548647506909255,29981.458156198205,39638.15803440046,,20.0,20.0,,,,,,,results/variants/eeg_openmeeg_correlated_noise_20260601_margin5mm/6ad5ce4f.npz
eeg_openmeeg,EEG OpenMEEG,302,128,128,906,128,100.0,5e-06,7.780006989777219e-08,64.26729444549221,scalar_iid,,,0.05873943557972812,28254.093869583743,42577.87520035373,,15.0,20.0,,,,,,,results/variants/eeg_openmeeg_clean_sweep_20260601_margin5mm/4edef258.npz
eeg_openmeeg,EEG OpenMEEG,302,128,128,906,128,100.0,5e-06,7.780006989777219e-08,64.26729444549221,spatial_covariance,5.0,gaussian,0.058378999372344406,28240.525027435906,42561.33859195561,,15.0,20.0,,,,,,,results/variants/eeg_openmeeg_correlated_noise_20260601_margin5mm/7cac8504.npz
eeg_openmeeg,EEG OpenMEEG,984,128,128,2952,128,100.0,5e-06,7.780006989777219e-08,64.26729444549221,scalar_iid,,,0.057522799807462804,28783.883789971445,52099.505373043976,,10.0,20.0,,,,,,,results/variants/eeg_openmeeg_clean_sweep_20260601_margin5mm/e7162bc8.npz
eeg_openmeeg,EEG OpenMEEG,984,128,128,2952,128,100.0,5e-06,7.780006989777219e-08,64.26729444549221,spatial_covariance,5.0,gaussian,0.0569127851577215,28760.74889489414,52065.5043083832,,10.0,20.0,,,,,,,results/variants/eeg_openmeeg_correlated_noise_20260601_margin5mm/651070c8.npz
eeg_openmeeg,EEG OpenMEEG,1842,128,128,5526,128,100.0,5e-06,7.780006989777219e-08,64.26729444549221,scalar_iid,,,0.05778158410837016,28315.309771694763,56389.72424762637,,8.0,20.0,,,,,,,results/variants/eeg_openmeeg_clean_sweep_20260601_margin5mm/d37509f8.npz
eeg_openmeeg,EEG OpenMEEG,1842,128,128,5526,128,100.0,5e-06,7.780006989777219e-08,64.26729444549221,spatial_covariance,5.0,gaussian,0.05739362731856872,28298.44990311666,56362.704956079244,,8.0,20.0,,,,,,,results/variants/eeg_openmeeg_correlated_noise_20260601_margin5mm/962f2ce7.npz
eeg_openmeeg,EEG OpenMEEG,4347,128,128,13041,128,100.0,5e-06,7.780006989777219e-08,64.26729444549221,scalar_iid,,,0.05677849495873261,28613.732250604353,63987.1481236123,,6.0,20.0,,,,,,,results/variants/eeg_openmeeg_clean_sweep_20260601_margin5mm/110d5fb9.npz
eeg_openmeeg,EEG OpenMEEG,4347,128,128,13041,128,100.0,5e-06,7.780006989777219e-08,64.26729444549221,spatial_covariance,5.0,gaussian,0.05674204451061529,28606.83652116695,63980.31277877949,,6.0,20.0,,,,,,,results/variants/eeg_openmeeg_correlated_noise_20260601_margin5mm/1f8334b0.npz
eeg_openmeeg,EEG OpenMEEG,7347,128,128,22041,128,100.0,5e-06,7.780006989777219e-08,64.26729444549221,scalar_iid,,,0.056898872723966556,28269.337284720234,67902.483517729,,5.0,20.0,,,,,,,results/variants/eeg_openmeeg_clean_sweep_20260601_margin5mm/f8a3e335.npz
eeg_openmeeg,EEG OpenMEEG,14355,128,128,43065,128,100.0,5e-06,7.780006989777219e-08,64.26729444549221,scalar_iid,,,0.056514804514190733,28511.758669083258,74191.5599706109,,4.0,20.0,,,,,,,results/variants/eeg_openmeeg_clean_sweep_20260601_margin5mm/271cdbf4.npz
eeg_openmeeg,EEG OpenMEEG,18,256,256,54,54,100.0,5e-06,9.252039667013972e-08,54.04213751726936,scalar_iid,,,0.0630127623917957,19825.85480231538,20139.285904679808,,40.0,20.0,,,,,,,results/variants/eeg_openmeeg_clean_sweep_20260601_margin5mm/68311a70.npz
eeg_openmeeg,EEG OpenMEEG,18,256,256,54,54,100.0,5e-06,9.252039667013972e-08,54.04213751726936,spatial_covariance,5.0,gaussian,0.06301768862848417,19688.763755592026,20005.211753629756,,40.0,20.0,,,,,,,results/variants/eeg_openmeeg_correlated_noise_20260601_margin5mm/d529b4ac.npz
eeg_openmeeg,EEG OpenMEEG,43,256,256,129,129,100.0,5e-06,9.252039667013972e-08,54.04213751726936,scalar_iid,,,0.06015862543200148,26963.052662090086,29515.753974117695,,30.0,20.0,,,,,,,results/variants/eeg_openmeeg_clean_sweep_20260601_margin5mm/561f5420.npz
eeg_openmeeg,EEG OpenMEEG,43,256,256,129,129,100.0,5e-06,9.252039667013972e-08,54.04213751726936,spatial_covariance,5.0,gaussian,0.06003405741198841,26798.433357939215,29349.584974086632,,30.0,20.0,,,,,,,results/variants/eeg_openmeeg_correlated_noise_20260601_margin5mm/15da4e5e.npz
eeg_openmeeg,EEG OpenMEEG,148,256,256,444,256,100.0,5e-06,9.252039667013972e-08,54.04213751726936,scalar_iid,,,0.05596069044083705,32915.76693202604,42680.73070751404,,20.0,20.0,,,,,,,results/variants/eeg_openmeeg_clean_sweep_20260601_margin5mm/b43a2d64.npz
eeg_openmeeg,EEG OpenMEEG,148,256,256,444,256,100.0,5e-06,9.252039667013972e-08,54.04213751726936,spatial_covariance,5.0,gaussian,0.05545811551899951,32714.907009833125,42473.82729391069,,20.0,20.0,,,,,,,results/variants/eeg_openmeeg_correlated_noise_20260601_margin5mm/77cc1225.npz
eeg_openmeeg,EEG OpenMEEG,302,256,256,906,256,100.0,5e-06,9.252039667013972e-08,54.04213751726936,scalar_iid,,,0.05884857990071928,31047.734618930623,45916.167680717066,,15.0,20.0,,,,,,,results/variants/eeg_openmeeg_clean_sweep_20260601_margin5mm/60a5206d.npz
eeg_openmeeg,EEG OpenMEEG,302,256,256,906,256,100.0,5e-06,9.252039667013972e-08,54.04213751726936,spatial_covariance,5.0,gaussian,0.0583593651811875,30861.043192705092,45724.342638253496,,15.0,20.0,,,,,,,results/variants/eeg_openmeeg_correlated_noise_20260601_margin5mm/70911595.npz
eeg_openmeeg,EEG OpenMEEG,984,256,256,2952,256,100.0,5e-06,9.252039667013972e-08,54.04213751726936,scalar_iid,,,0.05739345814832419,31648.832396481128,56563.58346767696,,10.0,20.0,,,,,,,results/variants/eeg_openmeeg_clean_sweep_20260601_margin5mm/048d19a1.npz
eeg_openmeeg,EEG OpenMEEG,984,256,256,2952,256,100.0,5e-06,9.252039667013972e-08,54.04213751726936,spatial_covariance,5.0,gaussian,0.056900856429303814,31429.54878881448,56323.286036149104,,10.0,20.0,,,,,,,results/variants/eeg_openmeeg_correlated_noise_20260601_margin5mm/759a9bc9.npz
eeg_openmeeg,EEG OpenMEEG,1842,256,256,5526,256,100.0,5e-06,9.252039667013972e-08,54.04213751726936,scalar_iid,,,0.057710632569569,31111.96290603097,61473.30466375558,,8.0,20.0,,,,,,,results/variants/eeg_openmeeg_clean_sweep_20260601_margin5mm/ecc9674e.npz
eeg_openmeeg,EEG OpenMEEG,1842,256,256,5526,256,100.0,5e-06,9.252039667013972e-08,54.04213751726936,spatial_covariance,5.0,gaussian,0.05728935134858069,30908.136818504594,61251.088073212,,8.0,20.0,,,,,,,results/variants/eeg_openmeeg_correlated_noise_20260601_margin5mm/001c4fa6.npz
eeg_openmeeg,EEG OpenMEEG,4347,256,256,13041,256,100.0,5e-06,9.252039667013972e-08,54.04213751726936,scalar_iid,,,0.0567368072358907,31446.89243476321,70313.01167870662,,6.0,20.0,,,,,,,results/variants/eeg_openmeeg_clean_sweep_20260601_margin5mm/2e33445b.npz
eeg_openmeeg,EEG OpenMEEG,7347,256,256,22041,256,100.0,5e-06,9.252039667013972e-08,54.04213751726936,scalar_iid,,,0.05696773328990434,31048.89105785885,74874.5818269757,,5.0,20.0,,,,,,,results/variants/eeg_openmeeg_clean_sweep_20260601_margin5mm/7bd17096.npz
eeg_openmeeg,EEG OpenMEEG,14355,256,256,43065,256,100.0,5e-06,9.252039667013972e-08,54.04213751726936,scalar_iid,,,0.05648456861942344,31326.548779688765,82401.72680912519,,4.0,20.0,,,,,,,results/variants/eeg_openmeeg_clean_sweep_20260601_margin5mm/f1f133e1.npz
eeg_openmeeg,EEG OpenMEEG,18,512,512,54,54,100.0,5e-06,1.1002591400300422e-07,45.44383971092008,scalar_iid,,,0.06301567338278032,21012.299370814948,21280.91850017895,,40.0,20.0,,,,,,,results/variants/eeg_openmeeg_clean_sweep_20260601_margin5mm/1d19ae40.npz
eeg_openmeeg,EEG OpenMEEG,18,512,512,54,54,100.0,5e-06,1.1002591400300422e-07,45.44383971092008,spatial_covariance,5.0,gaussian,0.0630181817054743,19834.719842157352,20133.00690400188,,40.0,20.0,,,,,,,results/variants/eeg_openmeeg_correlated_noise_20260601_margin5mm/a91ec663.npz
eeg_openmeeg,EEG OpenMEEG,43,512,512,129,129,100.0,5e-06,1.1002591400300422e-07,45.44383971092008,scalar_iid,,,0.06021223045289693,28868.349906247004,31356.7968915856,,30.0,20.0,,,,,,,results/variants/eeg_openmeeg_clean_sweep_20260601_margin5mm/fc968afa.npz
eeg_openmeeg,EEG OpenMEEG,43,512,512,129,129,100.0,5e-06,1.1002591400300422e-07,45.44383971092008,spatial_covariance,5.0,gaussian,0.060027977209632315,27222.140043979995,29730.267832640748,,30.0,20.0,,,,,,,results/variants/eeg_openmeeg_correlated_noise_20260601_margin5mm/25c7483f.npz
eeg_openmeeg,EEG OpenMEEG,148,512,512,444,444,100.0,5e-06,1.1002591400300422e-07,45.44383971092008,scalar_iid,,,0.05563697466721776,35546.874309973915,45466.76126328059,,20.0,20.0,,,,,,,results/variants/eeg_openmeeg_clean_sweep_20260601_margin5mm/251e6b3d.npz
eeg_openmeeg,EEG OpenMEEG,148,512,512,444,444,100.0,5e-06,1.1002591400300422e-07,45.44383971092008,spatial_covariance,5.0,gaussian,0.05547729920029852,33512.3656562111,43344.43143269172,,20.0,20.0,,,,,,,results/variants/eeg_openmeeg_correlated_noise_20260601_margin5mm/9d25ede0.npz
eeg_openmeeg,EEG OpenMEEG,302,512,512,906,512,100.0,5e-06,1.1002591400300422e-07,45.44383971092008,scalar_iid,,,0.058776417069762325,33633.656570809464,48952.22496555078,,15.0,20.0,,,,,,,results/variants/eeg_openmeeg_clean_sweep_20260601_margin5mm/4b1dfc5c.npz
eeg_openmeeg,EEG OpenMEEG,302,512,512,906,512,100.0,5e-06,1.1002591400300422e-07,45.44383971092008,spatial_covariance,5.0,gaussian,0.05836044010588987,31635.008490858552,46776.70893960871,,15.0,20.0,,,,,,,results/variants/eeg_openmeeg_correlated_noise_20260601_margin5mm/01f7fafc.npz
eeg_openmeeg,EEG OpenMEEG,984,512,512,2952,512,100.0,5e-06,1.1002591400300422e-07,45.44383971092008,scalar_iid,,,0.057248118901895066,34243.25249384428,60112.2188146987,,10.0,20.0,,,,,,,results/variants/eeg_openmeeg_clean_sweep_20260601_margin5mm/3752f6c8.npz
eeg_openmeeg,EEG OpenMEEG,984,512,512,2952,512,100.0,5e-06,1.1002591400300422e-07,45.44383971092008,spatial_covariance,5.0,gaussian,0.05712652459773986,32225.214956526605,57821.55827888702,,10.0,20.0,,,,,,,results/variants/eeg_openmeeg_correlated_noise_20260601_margin5mm/0be338bf.npz
eeg_openmeeg,EEG OpenMEEG,1842,512,512,5526,512,100.0,5e-06,1.1002591400300422e-07,45.44383971092008,scalar_iid,,,0.057559515967441154,33686.524659083756,65277.29559934817,,8.0,20.0,,,,,,,results/variants/eeg_openmeeg_clean_sweep_20260601_margin5mm/480e13f2.npz
eeg_openmeeg,EEG OpenMEEG,1842,512,512,5526,512,100.0,5e-06,1.1002591400300422e-07,45.44383971092008,spatial_covariance,5.0,gaussian,0.0574671480863338,31684.432138574997,62959.44858333822,,8.0,20.0,,,,,,,results/variants/eeg_openmeeg_correlated_noise_20260601_margin5mm/e86eb9e7.npz
eeg_openmeeg,EEG OpenMEEG,4347,512,512,13041,512,100.0,5e-06,1.1002591400300422e-07,45.44383971092008,scalar_iid,,,0.056763606287125574,34035.54770173515,74496.50637758922,,6.0,20.0,,,,,,,results/variants/eeg_openmeeg_clean_sweep_20260601_margin5mm/f9ae50f1.npz
eeg_openmeeg,EEG OpenMEEG,7347,512,512,22041,512,100.0,5e-06,1.1002591400300422e-07,45.44383971092008,scalar_iid,,,0.05689436429409406,33595.82095684976,79184.75152326359,,5.0,20.0,,,,,,,results/variants/eeg_openmeeg_clean_sweep_20260601_margin5mm/c40aef55.npz
eeg_openmeeg,EEG OpenMEEG,14355,512,512,43065,512,100.0,5e-06,1.1002591400300422e-07,45.44383971092008,scalar_iid,,,0.05649941881941384,33905.086440506646,86947.12757011602,,4.0,20.0,,,,,,,results/variants/eeg_openmeeg_clean_sweep_20260601_margin5mm/ff0c9fbb.npz
eeg_openmeeg,EEG OpenMEEG,18,1024,1024,54,54,100.0,5e-06,1.3084359976705015e-07,38.213561908277086,scalar_iid,,,0.06300213643926049,22211.64114873833,22447.26740397279,,40.0,20.0,,,,,,,results/variants/eeg_openmeeg_clean_sweep_20260601_margin5mm/5e1e9f18.npz
eeg_openmeeg,EEG OpenMEEG,18,1024,1024,54,54,100.0,5e-06,1.3084359976705015e-07,38.213561908277086,spatial_covariance,5.0,gaussian,0.06302593824280131,19017.57270752807,19336.235375223885,,40.0,20.0,,,,,,,results/variants/eeg_openmeeg_correlated_noise_20260601_margin5mm/80a19937.npz
eeg_openmeeg,EEG OpenMEEG,43,1024,1024,129,129,100.0,5e-06,1.3084359976705015e-07,38.213561908277086,scalar_iid,,,0.060290105129855526,30760.680262625418,33195.98617558155,,30.0,20.0,,,,,,,results/variants/eeg_openmeeg_clean_sweep_20260601_margin5mm/52661147.npz
eeg_openmeeg,EEG OpenMEEG,43,1024,1024,129,129,100.0,5e-06,1.3084359976705015e-07,38.213561908277086,spatial_covariance,5.0,gaussian,0.060043166645531526,26098.856025629582,28616.7472630299,,30.0,20.0,,,,,,,results/variants/eeg_openmeeg_correlated_noise_20260601_margin5mm/a4219b72.npz
eeg_openmeeg,EEG OpenMEEG,148,1024,1024,444,444,100.0,5e-06,1.3084359976705015e-07,38.213561908277086,scalar_iid,,,0.05568136247171204,38166.56280782875,48228.80493303818,,20.0,20.0,,,,,,,results/variants/eeg_openmeeg_clean_sweep_20260601_margin5mm/1d87a398.npz
eeg_openmeeg,EEG OpenMEEG,148,1024,1024,444,444,100.0,5e-06,1.3084359976705015e-07,38.213561908277086,spatial_covariance,5.0,gaussian,0.05544770708605053,32118.535898210666,41887.57989105593,,20.0,20.0,,,,,,,results/variants/eeg_openmeeg_correlated_noise_20260601_margin5mm/7f9f0bba.npz
eeg_openmeeg,EEG OpenMEEG,302,1024,1024,906,906,100.0,5e-06,1.3084359976705015e-07,38.213561908277086,scalar_iid,,,0.058678510216620496,36186.67826583167,51883.964090350964,,15.0,20.0,,,,,,,results/variants/eeg_openmeeg_clean_sweep_20260601_margin5mm/cbcae4d1.npz
eeg_openmeeg,EEG OpenMEEG,302,1024,1024,906,906,100.0,5e-06,1.3084359976705015e-07,38.213561908277086,spatial_covariance,5.0,gaussian,0.05837541593595352,30293.51336548025,45332.65868986748,,15.0,20.0,,,,,,,results/variants/eeg_openmeeg_correlated_noise_20260601_margin5mm/84f82306.npz
eeg_openmeeg,EEG OpenMEEG,984,1024,1024,2952,1024,100.0,5e-06,1.3084359976705015e-07,38.213561908277086,scalar_iid,,,0.05729183997070875,36869.77897224432,63505.03247189522,,10.0,20.0,,,,,,,results/variants/eeg_openmeeg_clean_sweep_20260601_margin5mm/f627f22b.npz
eeg_openmeeg,EEG OpenMEEG,984,1024,1024,2952,1024,100.0,5e-06,1.3084359976705015e-07,38.213561908277086,spatial_covariance,5.0,gaussian,0.05696080324112323,30829.672288530757,56274.795975431574,,10.0,20.0,,,,,,,results/variants/eeg_openmeeg_correlated_noise_20260601_margin5mm/d9cfe5a5.npz
eeg_openmeeg,EEG OpenMEEG,1842,1024,1024,5526,1024,100.0,5e-06,1.3084359976705015e-07,38.213561908277086,scalar_iid,,,0.0577819198046032,36282.884552620446,68855.33284605805,,8.0,20.0,,,,,,,results/variants/eeg_openmeeg_clean_sweep_20260601_margin5mm/06a3c5d5.npz
eeg_openmeeg,EEG OpenMEEG,1842,1024,1024,5526,1024,100.0,5e-06,1.3084359976705015e-07,38.213561908277086,spatial_covariance,5.0,gaussian,0.05731709525013477,30296.260917331638,61398.90916640031,,8.0,20.0,,,,,,,results/variants/eeg_openmeeg_correlated_noise_20260601_margin5mm/cb4cded8.npz
eeg_openmeeg,EEG OpenMEEG,4347,1024,1024,13041,1024,100.0,5e-06,1.3084359976705015e-07,38.213561908277086,scalar_iid,,,0.056767841419458426,36647.41149821112,78267.81769041686,,6.0,20.0,,,,,,,results/variants/eeg_openmeeg_clean_sweep_20260601_margin5mm/5e5783c5.npz
eeg_openmeeg,EEG OpenMEEG,7347,1024,1024,22041,1024,100.0,5e-06,1.3084359976705015e-07,38.213561908277086,scalar_iid,,,0.05684298066235088,36171.729445774006,83016.61543363139,,5.0,20.0,,,,,,,results/variants/eeg_openmeeg_clean_sweep_20260601_margin5mm/f2c90308.npz
eeg_openmeeg,EEG OpenMEEG,14355,1024,1024,43065,1024,100.0,5e-06,1.3084359976705015e-07,38.213561908277086,scalar_iid,,,0.056476645425799436,36505.38611977093,90889.62028958306,,4.0,20.0,,,,,,,results/variants/eeg_openmeeg_clean_sweep_20260601_margin5mm/ce007c61.npz
eeg_openmeeg,EEG OpenMEEG,18,2048,2048,54,54,100.0,5e-06,1.5560013979554437e-07,32.133647222746106,scalar_iid,,,0.06348640242174224,23426.149579036806,23636.60868175918,,40.0,20.0,,,,,,,results/variants/eeg_openmeeg_clean_sweep_20260601_margin5mm/eddc383c.npz
eeg_openmeeg,EEG OpenMEEG,18,2048,2048,54,54,100.0,5e-06,1.5560013979554437e-07,32.133647222746106,spatial_covariance,5.0,gaussian,0.06301896925075841,18208.970697260353,18542.645607369843,,40.0,20.0,,,,,,,results/variants/eeg_openmeeg_correlated_noise_20260601_margin5mm/3786db8d.npz
eeg_openmeeg,EEG OpenMEEG,43,2048,2048,129,129,100.0,5e-06,1.5560013979554437e-07,32.133647222746106,scalar_iid,,,0.06031440716234389,32690.574733390735,35074.16667976792,,30.0,20.0,,,,,,,results/variants/eeg_openmeeg_clean_sweep_20260601_margin5mm/63b863bf.npz
eeg_openmeeg,EEG OpenMEEG,43,2048,2048,129,129,100.0,5e-06,1.5560013979554437e-07,32.133647222746106,spatial_covariance,5.0,gaussian,0.060014481099485296,25120.73941956766,27625.351153723794,,30.0,20.0,,,,,,,results/variants/eeg_openmeeg_correlated_noise_20260601_margin5mm/1f27bcf4.npz
eeg_openmeeg,EEG OpenMEEG,148,2048,2048,444,444,100.0,5e-06,1.5560013979554437e-07,32.133647222746106,scalar_iid,,,0.05560763164825928,40844.25044749954,51037.05234308751,,20.0,20.0,,,,,,,results/variants/eeg_openmeeg_clean_sweep_20260601_margin5mm/db4fb906.npz
eeg_openmeeg,EEG OpenMEEG,148,2048,2048,444,444,100.0,5e-06,1.5560013979554437e-07,32.133647222746106,spatial_covariance,5.0,gaussian,0.055454096935541985,31128.202595078572,40875.701548327386,,20.0,20.0,,,,,,,results/variants/eeg_openmeeg_correlated_noise_20260601_margin5mm/f0d000c6.npz
eeg_openmeeg,EEG OpenMEEG,302,2048,2048,906,906,100.0,5e-06,1.5560013979554437e-07,32.133647222746106,scalar_iid,,,0.05868108682304364,38835.450146397656,54878.457659180494,,15.0,20.0,,,,,,,results/variants/eeg_openmeeg_clean_sweep_20260601_margin5mm/3e9e7f84.npz
eeg_openmeeg,EEG OpenMEEG,302,2048,2048,906,906,100.0,5e-06,1.5560013979554437e-07,32.133647222746106,spatial_covariance,5.0,gaussian,0.05865207809472708,29313.07507115939,44375.60002177984,,15.0,20.0,,,,,,,results/variants/eeg_openmeeg_correlated_noise_20260601_margin5mm/89d91e96.npz
eeg_openmeeg,EEG OpenMEEG,984,2048,2048,2952,2048,100.0,5e-06,1.5560013979554437e-07,32.133647222746106,scalar_iid,,,0.057348856757215655,39578.99475565755,66920.6642530908,,10.0,20.0,,,,,,,results/variants/eeg_openmeeg_clean_sweep_20260601_margin5mm/4d004065.npz
eeg_openmeeg,EEG OpenMEEG,984,2048,2048,2952,2048,100.0,5e-06,1.5560013979554437e-07,32.133647222746106,spatial_covariance,5.0,gaussian,0.056924235753816145,29822.127681580594,55439.54567026839,,10.0,20.0,,,,,,,results/variants/eeg_openmeeg_correlated_noise_20260601_margin5mm/8ad6cb9d.npz
eeg_openmeeg,EEG OpenMEEG,1842,2048,2048,5526,2048,100.0,5e-06,1.5560013979554437e-07,32.133647222746106,scalar_iid,,,0.05757627317429001,38944.08097792958,72371.67377304439,,8.0,20.0,,,,,,,results/variants/eeg_openmeeg_clean_sweep_20260601_margin5mm/df884d78.npz
eeg_openmeeg,EEG OpenMEEG,1842,2048,2048,5526,2048,100.0,5e-06,1.5560013979554437e-07,32.133647222746106,spatial_covariance,5.0,gaussian,0.05733337330055547,29294.8641543494,60673.10649375049,,8.0,20.0,,,,,,,results/variants/eeg_openmeeg_correlated_noise_20260601_margin5mm/198d1279.npz
eeg_openmeeg,EEG OpenMEEG,4347,2048,2048,13041,2048,100.0,5e-06,1.5560013979554437e-07,32.133647222746106,scalar_iid,,,0.056757360347440174,39346.48714756384,82011.13025273886,,6.0,20.0,,,,,,,results/variants/eeg_openmeeg_clean_sweep_20260601_margin5mm/3eb6ad6f.npz
eeg_openmeeg,EEG OpenMEEG,7347,2048,2048,22041,2048,100.0,5e-06,1.5560013979554437e-07,32.133647222746106,scalar_iid,,,0.05688947108951248,38843.562572856106,86842.38299098623,,5.0,20.0,,,,,,,results/variants/eeg_openmeeg_clean_sweep_20260601_margin5mm/ce5ed30a.npz
eeg_openmeeg,EEG OpenMEEG,14355,2048,2048,43065,2048,100.0,5e-06,1.5560013979554437e-07,32.133647222746106,scalar_iid,,,0.056478492064654016,39192.27746688693,94791.20500512762,,4.0,20.0,,,,,,,results/variants/eeg_openmeeg_clean_sweep_20260601_margin5mm/225512d1.npz
eeg_openmeeg,EEG OpenMEEG,18,10000,10000,54,54,100.0,5e-06,2.3130099167534928e-07,21.616855006907745,scalar_iid,5.0,gaussian,0.06299863715618502,26265.41232778203,26439.40538347677,,40.0,20.0,,,,,,,results/variants/eeg_openmeeg_clean_sweep_20260601_margin5mm/4910f942.npz
eeg_openmeeg,EEG OpenMEEG,43,10000,10000,129,129,100.0,5e-06,2.3130099167534928e-07,21.616855006907745,scalar_iid,5.0,gaussian,0.06005074947099905,37302.87300073974,39545.1376913429,,30.0,20.0,,,,,,,results/variants/eeg_openmeeg_clean_sweep_20260601_margin5mm/cecdb64a.npz
eeg_openmeeg,EEG OpenMEEG,148,10000,10000,444,444,100.0,5e-06,2.3130099167534928e-07,21.616855006907745,scalar_iid,5.0,gaussian,0.05544634882099641,47389.049646914355,57860.699182522236,,20.0,20.0,,,,,,,results/variants/eeg_openmeeg_clean_sweep_20260601_margin5mm/82cd6fd2.npz
eeg_openmeeg,EEG OpenMEEG,302,10000,10000,906,906,100.0,5e-06,2.3130099167534928e-07,21.616855006907745,scalar_iid,5.0,gaussian,0.05834521658656931,45220.8633637802,61996.538294192986,,15.0,20.0,,,,,,,results/variants/eeg_openmeeg_clean_sweep_20260601_margin5mm/1355834e.npz
eeg_openmeeg,EEG OpenMEEG,984,10000,10000,2952,2952,100.0,5e-06,2.3130099167534928e-07,21.616855006907745,scalar_iid,5.0,gaussian,0.05691436090891421,46128.6167854779,74928.83894674161,,10.0,20.0,,,,,,,results/variants/eeg_openmeeg_clean_sweep_20260601_margin5mm/f64a8411.npz
eeg_openmeeg,EEG OpenMEEG,1842,10000,10000,5526,5526,100.0,5e-06,2.3130099167534928e-07,21.616855006907745,scalar_iid,5.0,gaussian,0.05724635137328386,45432.82378264631,80671.26639705093,,8.0,20.0,,,,,,,results/variants/eeg_openmeeg_clean_sweep_20260601_margin5mm/b1872515.npz
eeg_openmeeg,EEG OpenMEEG,4347,10000,10000,13041,10000,100.0,5e-06,2.3130099167534928e-07,21.616855006907745,scalar_iid,5.0,gaussian,0.05635189600685151,45873.31402938374,90599.5682409234,,6.0,20.0,,,,,,,results/variants/eeg_openmeeg_clean_sweep_20260601_margin5mm/28e44c7e.npz
eeg_openmeeg,EEG OpenMEEG,7347,10000,10000,22041,10000,100.0,5e-06,2.3130099167534928e-07,21.616855006907745,scalar_iid,5.0,gaussian,0.056499180895455164,45292.1075643454,95521.3110396337,,5.0,20.0,,,,,,,results/variants/eeg_openmeeg_clean_sweep_20260601_margin5mm/9ac01cac.npz
eeg_openmeeg,EEG OpenMEEG,14355,10000,10000,43065,10000,100.0,5e-06,2.3130099167534928e-07,21.616855006907745,scalar_iid,5.0,gaussian,0.05642636630104896,45725.39968157674,103708.33463969741,,4.0,20.0,,,,,,,results/variants/eeg_openmeeg_clean_sweep_20260601_margin5mm/3cd9c30f.npz
us_analytical_50khz,US 50 kHz,4237,1000,61000,4237,4237,9.74025974025974,0.001,2.0822071286531413e-09,480259.61790210655,scalar_iid,,,1563.6438337590987,785352.5397118658,785352.5397118658,50000.0,,,,,,,,,results/variants/us_free_field_analytical_50khz_convergence_20260531/001_50khz_4000src_1000sensors__552d9bf0.npz
us_analytical_50khz,US 50 kHz,8385,1000,61000,8385,8385,9.74025974025974,0.001,2.0822071286531413e-09,480259.61790210655,scalar_iid,,,6096.4968520155635,1465808.7185936752,1465808.718593675,50000.0,,,,,,,,,results/variants/us_free_field_analytical_50khz_convergence_20260531/004_50khz_8000src_1000sensors__22948937.npz
us_analytical_50khz,US 50 kHz,16601,1000,61000,16601,16601,9.74025974025974,0.001,2.0822071286531413e-09,480259.61790210655,scalar_iid,,,23838.19271037125,2670517.9633399653,2670517.9633399653,50000.0,,,,,,,,,results/variants/us_free_field_analytical_50khz_convergence_20260531/007_50khz_16000src_1000sensors__8d6fc7ca.npz
us_analytical_50khz,US 50 kHz,32940,1000,61000,32940,32940,9.74025974025974,0.001,2.0822071286531413e-09,480259.61790210655,scalar_iid,,,93718.94699348723,4516486.802584078,4520145.957340495,50000.0,,,,,,,,,results/variants/us_free_field_analytical_50khz_convergence_20260531/010_50khz_32000src_1000sensors__4709539d.npz
us_analytical_50khz,US 50 kHz,45177,1000,61000,45177,45177,9.74025974025974,0.001,2.0822071286531413e-09,480259.61790210655,scalar_iid,,,175955.8289312897,5434019.27038301,5458155.094102662,50000.0,,,,,,,,,results/variants/us_free_field_analytical_50khz_convergence_20260531/001_50khz_44000src_1000sensors__ceb50769.npz
us_analytical_50khz,US 50 kHz,4237,3000,183000,4237,4237,9.74025974025974,0.001,2.0822071286531417e-09,480259.61790210643,scalar_iid,,,1563.3408809180864,823201.7680379816,823201.7680379816,50000.0,,,,,,,,,results/variants/us_free_field_analytical_50khz_convergence_20260531/002_50khz_4000src_3000sensors__1e81505a.npz
us_analytical_50khz,US 50 kHz,8385,3000,183000,8385,8385,9.74025974025974,0.001,2.0822071286531417e-09,480259.61790210643,scalar_iid,,,6096.499049849054,1556162.9302915821,1556162.9302915821,50000.0,,,,,,,,,results/variants/us_free_field_analytical_50khz_convergence_20260531/005_50khz_8000src_3000sensors__bb38ef3d.npz
us_analytical_50khz,US 50 kHz,16601,3000,183000,16601,16601,9.74025974025974,0.001,2.0822071286531417e-09,480259.61790210643,scalar_iid,,,23833.17528470931,2940934.7510910654,2940934.7510910654,50000.0,,,,,,,,,results/variants/us_free_field_analytical_50khz_convergence_20260531/008_50khz_16000src_3000sensors__a3e43818.npz
us_analytical_50khz,US 50 kHz,32940,3000,183000,32940,32940,9.74025974025974,0.001,2.0822071286531417e-09,480259.61790210643,scalar_iid,,,93700.84962113705,5508492.268746649,5508492.268746649,50000.0,,,,,,,,,results/variants/us_free_field_analytical_50khz_convergence_20260531/011_50khz_32000src_3000sensors__cf22b897.npz
us_analytical_50khz,US 50 kHz,45177,3000,183000,45177,45177,9.74025974025974,0.001,2.0822071286531417e-09,480259.61790210643,scalar_iid,,,175951.0869253929,7273017.235196509,7273024.261230949,50000.0,,,,,,,,,results/variants/us_free_field_analytical_50khz_convergence_20260531/001_50khz_44000src_3000sensors__a97af02f.npz
us_analytical_50khz,US 50 kHz,4237,6000,366000,4237,4237,9.74025974025974,0.001,2.0822071286531417e-09,480259.61790210643,scalar_iid,,,1563.3989746528773,845054.0828101895,845054.0828101895,50000.0,,,,,,,,,results/variants/us_free_field_analytical_50khz_convergence_20260531/003_50khz_4000src_6000sensors__a150eb30.npz
us_analytical_50khz,US 50 kHz,8385,6000,366000,8385,8385,9.74025974025974,0.001,2.0822071286531417e-09,480259.61790210643,scalar_iid,,,6096.504757310032,1602419.796504714,1602419.7965047143,50000.0,,,,,,,,,results/variants/us_free_field_analytical_50khz_convergence_20260531/006_50khz_8000src_6000sensors__e89e3b06.npz
us_analytical_50khz,US 50 kHz,16601,6000,366000,16601,16601,9.74025974025974,0.001,2.0822071286531417e-09,480259.61790210643,scalar_iid,,,23834.393683015987,3046718.6839373936,3046718.6839373936,50000.0,,,,,,,,,results/variants/us_free_field_analytical_50khz_convergence_20260531/009_50khz_16000src_6000sensors__bc69dbd9.npz
us_analytical_50khz,US 50 kHz,32940,6000,366000,32940,32940,9.74025974025974,0.001,2.0822071286531417e-09,480259.61790210643,scalar_iid,,,93704.46302257117,5793090.221104818,5793090.221104818,50000.0,,,,,,,,,results/variants/us_free_field_analytical_50khz_convergence_20260531/012_50khz_32000src_6000sensors__e9dcf4ea.npz
us_analytical_50khz,US 50 kHz,45177,6000,366000,45177,45177,9.74025974025974,0.001,2.0822071286531417e-09,480259.61790210643,scalar_iid,,,175956.1328621038,7768620.238512543,7768620.238512542,50000.0,,,,,,,,,results/variants/us_free_field_analytical_50khz_convergence_20260531/002_50khz_44000src_6000sensors__5e7ae3d4.npz
meg_opm,MEG OPM,50,50,150,150,150,100.0,1e-13,1.5e-13,0.6666666666666667,scalar_iid,,,3.4826026797108127e-16,2194.7281771342596,4532.140298295306,,30,,,,,,,,results/variants/meg_opm/0505ce38.npz
meg_opm,MEG OPM,50,50,150,150,150,100.0,1e-13,1.5e-13,0.6666666666666667,spatial_covariance,5.0,gaussian,3.482602679710811e-16,2194.7281769532387,4532.14029806295,,30.0,,,,,,,,results/variants/meg_opm/a0af64d4.npz
meg_opm,MEG OPM,153,50,150,459,150,100.0,1e-13,1.5e-13,0.6666666666666667,spatial_covariance,5.0,gaussian,3.913039637657889e-16,2353.9876388021285,7083.547844662786,,20.0,,,,,,,,results/variants/meg_opm/991657b5.npz
meg_opm,MEG OPM,153,50,150,459,150,100.0,1e-13,1.5e-13,0.6666666666666667,scalar_iid,,,3.9130396376578885e-16,2353.987638980668,7083.54784480087,,20.0,,,,,,,,results/variants/meg_opm/ca44befa.npz
meg_opm,MEG OPM,360,50,150,1080,150,100.0,1e-13,1.5e-13,0.6666666666666667,scalar_iid,,,3.374472832212135e-16,2454.834607250711,9995.774491678658,,15,,,,,,,,results/variants/meg_opm/0cfca713.npz
meg_opm,MEG OPM,360,50,150,1080,150,100.0,1e-13,1.5e-13,0.6666666666666667,spatial_covariance,5.0,gaussian,3.374472832212137e-16,2454.834607102063,9995.774491692811,,15.0,,,,,,,,results/variants/meg_opm/f3558e0e.npz
meg_opm,MEG OPM,1153,50,150,3459,150,100.0,1e-13,1.5e-13,0.6666666666666667,scalar_iid,,,3.435838925203042e-16,2446.606086819902,14876.624149237367,,10.0,,,,,,,,results/variants/meg_opm/8014291f.npz
meg_opm,MEG OPM,1153,50,150,3459,150,100.0,1e-13,1.5e-13,0.6666666666666667,spatial_covariance,5.0,gaussian,3.4358389252030434e-16,2446.606086654438,14876.624149382505,,10.0,,,,,,,,results/variants/meg_opm/c138b0fe.npz
meg_opm,MEG OPM,8937,50,150,26811,150,100.0,1e-13,1.5e-13,0.6666666666666667,spatial_covariance,5.0,gaussian,3.261318941518767e-16,2466.076913464842,28071.02757277496,,5.0,,,,,,,,results/variants/meg_opm/ac658647.npz
meg_opm,MEG OPM,8937,50,150,26811,150,100.0,1e-13,1.5e-13,0.6666666666666667,scalar_iid,,,3.2613189415187645e-16,2466.0769136220174,28071.027572420433,,5.0,,,,,,,,results/variants/meg_opm/acb9c25e.npz
meg_opm,MEG OPM,50,100,300,150,150,100.0,1e-13,1.5e-13,0.6666666666666667,scalar_iid,,,3.4736361840169245e-16,3247.090190888222,5850.326700670473,,30,,,,,,,,results/variants/meg_opm/bed95c54.npz
meg_opm,MEG OPM,50,100,300,150,150,100.0,1e-13,1.5e-13,0.6666666666666667,spatial_covariance,5.0,gaussian,3.4736361840169255e-16,3247.0716018131584,5850.304323707089,,30.0,,,,,,,,results/variants/meg_opm/c8258374.npz
meg_opm,MEG OPM,153,100,300,459,300,100.0,1e-13,1.5e-13,0.6666666666666667,spatial_covariance,5.0,gaussian,3.924294494206992e-16,3587.94489872829,9162.480867715427,,20.0,,,,,,,,results/variants/meg_opm/2088f344.npz
meg_opm,MEG OPM,153,100,300,459,300,100.0,1e-13,1.5e-13,0.6666666666666667,scalar_iid,,,3.92429449420699e-16,3587.964903289473,9162.506340016189,,20.0,,,,,,,,results/variants/meg_opm/27730c60.npz
meg_opm,MEG OPM,360,100,300,1080,300,100.0,1e-13,1.5e-13,0.6666666666666667,spatial_covariance,5.0,gaussian,3.3741805493011715e-16,3797.1659895927346,12736.73492282627,,15.0,,,,,,,,results/variants/meg_opm/4f9b9fa6.npz
meg_opm,MEG OPM,360,100,300,1080,300,100.0,1e-13,1.5e-13,0.6666666666666667,scalar_iid,,,3.37418054930117e-16,3797.1856007422025,12736.757996000899,,15,,,,,,,,results/variants/meg_opm/6c2f1b7f.npz
meg_opm,MEG OPM,1153,100,300,3459,300,100.0,1e-13,1.5e-13,0.6666666666666667,spatial_covariance,5.0,gaussian,3.4383744847195064e-16,3786.7502673553395,18587.23706177241,,10.0,,,,,,,,results/variants/meg_opm/62cfabda.npz
meg_opm,MEG OPM,1153,100,300,3459,300,100.0,1e-13,1.5e-13,0.6666666666666667,scalar_iid,,,3.4383744847195084e-16,3786.7699695521414,18587.25284185287,,10.0,,,,,,,,results/variants/meg_opm/83651748.npz
meg_opm,MEG OPM,8937,100,300,26811,300,100.0,1e-13,1.5e-13,0.6666666666666667,spatial_covariance,5.0,gaussian,3.2612591697839766e-16,3829.286890054016,34420.83398145409,,5.0,,,,,,,,results/variants/meg_opm/9f50823b.npz
meg_opm,MEG OPM,8937,100,300,26811,300,100.0,1e-13,1.5e-13,0.6666666666666667,scalar_iid,,,3.261259169783976e-16,3829.3064208920086,34420.82204337196,,5.0,,,,,,,,results/variants/meg_opm/e54b288f.npz
meg_opm,MEG OPM,50,200,600,150,150,100.0,1e-13,1.5e-13,0.6666666666666667,spatial_covariance,5.0,gaussian,3.4719004338686264e-16,4560.179149026046,7394.560214003633,,30.0,,,,,,,,results/variants/meg_opm/0570b56b.npz
meg_opm,MEG OPM,50,200,600,150,150,100.0,1e-13,1.5e-13,0.6666666666666667,scalar_iid,,,3.4719004338686254e-16,4571.628846851771,7407.60852883704,,30,,,,,,,,results/variants/meg_opm/a524c40b.npz
meg_opm,MEG OPM,153,200,600,459,459,100.0,1e-13,1.5e-13,0.6666666666666667,spatial_covariance,5.0,gaussian,3.927612401316108e-16,5220.815143580302,11661.330735064514,,20.0,,,,,,,,results/variants/meg_opm/931639d2.npz
meg_opm,MEG OPM,153,200,600,459,459,100.0,1e-13,1.5e-13,0.6666666666666667,scalar_iid,,,3.9276124013161096e-16,5234.34375753288,11679.502112912913,,20.0,,,,,,,,results/variants/meg_opm/96bdbc8b.npz
meg_opm,MEG OPM,360,200,600,1080,600,100.0,1e-13,1.5e-13,0.6666666666666667,spatial_covariance,5.0,gaussian,3.3741138402099817e-16,5604.914872941304,16022.449029087738,,15.0,,,,,,,,results/variants/meg_opm/25801f01.npz
meg_opm,MEG OPM,360,200,600,1080,600,100.0,1e-13,1.5e-13,0.6666666666666667,scalar_iid,,,3.374113840209981e-16,5618.990591471946,16042.644921600328,,15,,,,,,,,results/variants/meg_opm/3a48ed6d.npz
meg_opm,MEG OPM,1153,200,600,3459,600,100.0,1e-13,1.5e-13,0.6666666666666667,scalar_iid,,,3.438211930652339e-16,5619.378464881182,23005.969610627075,,10.0,,,,,,,,results/variants/meg_opm/547605a5.npz
meg_opm,MEG OPM,1153,200,600,3459,600,100.0,1e-13,1.5e-13,0.6666666666666667,spatial_covariance,5.0,gaussian,3.43821193065234e-16,5605.253933059019,22984.594841450056,,10.0,,,,,,,,results/variants/meg_opm/c4a40614.npz
meg_opm,MEG OPM,8937,200,600,26811,600,100.0,1e-13,1.5e-13,0.6666666666666667,spatial_covariance,5.0,gaussian,3.2611232280164475e-16,5682.890821573595,41486.66593671699,,5.0,,,,,,,,results/variants/meg_opm/c66c6562.npz
meg_opm,MEG OPM,8937,200,600,26811,600,100.0,1e-13,1.5e-13,0.6666666666666667,scalar_iid,,,3.2611232280164475e-16,5697.0780950963945,41502.69988832379,,5.0,,,,,,,,results/variants/meg_opm/fa91852d.npz
meg_opm,MEG OPM,50,500,1500,150,150,100.0,1e-13,1.5e-13,0.6666666666666667,scalar_iid,,,3.4719321323753913e-16,6762.46427062305,9857.776589913834,,30,,,,,,,,results/variants/meg_opm/0d01f6e2.npz
meg_opm,MEG OPM,50,500,1500,150,150,100.0,1e-13,1.5e-13,0.6666666666666667,spatial_covariance,5.0,gaussian,3.4719321323753923e-16,6121.392676647427,9153.226840149815,,30.0,,,,,,,,results/variants/meg_opm/a5a1f873.npz
meg_opm,MEG OPM,153,500,1500,459,459,100.0,1e-13,1.5e-13,0.6666666666666667,spatial_covariance,5.0,gaussian,3.929723325860018e-16,7298.933968551931,14524.201000669927,,20.0,,,,,,,,results/variants/meg_opm/3d93d3f5.npz
meg_opm,MEG OPM,153,500,1500,459,459,100.0,1e-13,1.5e-13,0.6666666666666667,scalar_iid,,,3.9297233258600125e-16,8124.470736406296,15563.114427007633,,20.0,,,,,,,,results/variants/meg_opm/f2625abd.npz
meg_opm,MEG OPM,360,500,1500,1080,1080,100.0,1e-13,1.5e-13,0.6666666666666667,scalar_iid,,,3.3744060533135e-16,8905.516256673003,21346.14523545039,,15,,,,,,,,results/variants/meg_opm/4fc97e4b.npz
meg_opm,MEG OPM,360,500,1500,1080,1080,100.0,1e-13,1.5e-13,0.6666666666666667,spatial_covariance,5.0,gaussian,3.3744060533135003e-16,7987.460947885803,20014.928487341396,,15.0,,,,,,,,results/variants/meg_opm/b10d1e36.npz
meg_opm,MEG OPM,1153,500,1500,3459,1500,100.0,1e-13,1.5e-13,0.6666666666666667,spatial_covariance,5.0,gaussian,3.438135362695757e-16,8031.602849255589,28401.488869462883,,10.0,,,,,,,,results/variants/meg_opm/c73104ba.npz
meg_opm,MEG OPM,1153,500,1500,3459,1500,100.0,1e-13,1.5e-13,0.6666666666666667,scalar_iid,,,3.438135362695754e-16,8965.632669085695,30007.30037357308,,10.0,,,,,,,,results/variants/meg_opm/f1368553.npz
meg_opm,MEG OPM,8937,500,1500,26811,1500,100.0,1e-13,1.5e-13,0.6666666666666667,scalar_iid,,,3.261020959643025e-16,9122.076640792871,52465.8697016397,,5.0,,,,,,,,results/variants/meg_opm/3abbab09.npz
meg_opm,MEG OPM,8937,500,1500,26811,1500,100.0,1e-13,1.5e-13,0.6666666666666667,spatial_covariance,5.0,gaussian,3.261020959643025e-16,8171.976910085202,50537.19637903706,,5.0,,,,,,,,results/variants/meg_opm/b5be209f.npz
meg_opm,MEG OPM,8937,600,1800,26811,1800,100.0,1e-13,1.5e-13,0.6666666666666667,scalar_iid,,,3.261009589764522e-16,9952.698606749214,54885.14105556307,,5.0,,,,,,,,results/variants/meg_opm/7c9ed667.npz
meg_opm,MEG OPM,50,700,2100,150,150,100.0,1e-13,1.5e-13,0.6666666666666667,spatial_covariance,5.0,gaussian,3.471863386600986e-16,6337.236173094518,9392.460216750285,,30.0,,,,,,,,results/variants/meg_opm/ad63bf30.npz
meg_opm,MEG OPM,50,700,2100,150,150,100.0,1e-13,1.5e-13,0.6666666666666667,scalar_iid,,,3.471863386600988e-16,7693.772744963276,10871.893282835874,,30,,,,,,,,results/variants/meg_opm/bb936498.npz
meg_opm,MEG OPM,153,700,2100,459,459,100.0,1e-13,1.5e-13,0.6666666666666667,scalar_iid,,,3.930128107275331e-16,9401.982036708328,17135.818769536512,,20.0,,,,,,,,results/variants/meg_opm/081b13ef.npz
meg_opm,MEG OPM,153,700,2100,459,459,100.0,1e-13,1.5e-13,0.6666666666666667,spatial_covariance,5.0,gaussian,3.930128107275334e-16,7611.207436878999,14931.399443960412,,20.0,,,,,,,,results/variants/meg_opm/8db5a605.npz
meg_opm,MEG OPM,360,700,2100,1080,1080,100.0,1e-13,1.5e-13,0.6666666666666667,spatial_covariance,5.0,gaussian,3.3744234742285314e-16,8357.193848827494,20629.057156324103,,15.0,,,,,,,,results/variants/meg_opm/1af1c9f6.npz
meg_opm,MEG OPM,360,700,2100,1080,1080,100.0,1e-13,1.5e-13,0.6666666666666667,scalar_iid,,,3.3744234742285324e-16,10394.125907377458,23572.714808299723,,15,,,,,,,,results/variants/meg_opm/75c8b41c.npz
meg_opm,MEG OPM,1153,700,2100,3459,2100,100.0,1e-13,1.5e-13,0.6666666666666667,scalar_iid,,,3.438116018300292e-16,10499.244100529912,32938.68188498251,,10.0,,,,,,,,results/variants/meg_opm/0023fea6.npz
meg_opm,MEG OPM,1153,700,2100,3459,2100,100.0,1e-13,1.5e-13,0.6666666666666667,spatial_covariance,5.0,gaussian,3.438116018300289e-16,8414.388051231548,29284.307738924213,,10.0,,,,,,,,results/variants/meg_opm/e38ec10d.npz
meg_opm,MEG OPM,8937,700,2100,26811,2100,100.0,1e-13,1.5e-13,0.6666666666666667,scalar_iid,,,3.261001403212582e-16,10697.154558874343,56995.36419355867,,5.0,,,,,,,,results/variants/meg_opm/3c04d0b9.npz
meg_opm,MEG OPM,8937,700,2100,26811,2100,100.0,1e-13,1.5e-13,0.6666666666666667,spatial_covariance,5.0,gaussian,3.2610014032125846e-16,8567.371863927972,52236.52273751682,,5.0,,,,,,,,results/variants/meg_opm/d7612eda.npz
meg_opm,MEG OPM,8937,1000,3000,26811,3000,100.0,1e-13,1.5e-13,0.6666666666666667,spatial_covariance,5.0,gaussian,3.260986427803186e-16,8717.069937882177,52964.61941802197,,5.0,,,,,,,,results/variants/meg_opm/8ef3b802.npz
meg_opm,MEG OPM,8937,1000,3000,26811,3000,100.0,1e-13,1.5e-13,0.6666666666666667,scalar_iid,,,3.260986427803188e-16,12574.862723603203,62100.7906881851,,5.0,,,,,,,,results/variants/meg_opm/ff451f95.npz
meg_opm,MEG OPM,8937,1200,3600,26811,3600,100.0,1e-13,1.5e-13,0.6666666666666667,spatial_covariance,5.0,gaussian,3.260980535714085e-16,8748.543216903769,53120.277642055145,,5.0,,,,,,,,results/variants/meg_opm/9ddf533b.npz
meg_opm,MEG OPM,8937,1200,3600,26811,3600,100.0,1e-13,1.5e-13,0.6666666666666667,scalar_iid,,,3.260980535714085e-16,13622.20826916658,64836.6115893362,,5.0,,,,,,,,results/variants/meg_opm/d69a385d.npz
meg_opm,MEG OPM,8937,1500,4500,26811,4500,100.0,1e-13,1.5e-13,0.6666666666666667,spatial_covariance,5.0,gaussian,3.26097460018473e-16,8775.649803214172,53247.35461610286,,5.0,,,,,,,,results/variants/meg_opm/66e11b28.npz
meg_opm,MEG OPM,8937,1500,4500,26811,4500,100.0,1e-13,1.5e-13,0.6666666666666667,scalar_iid,,,3.26097460018473e-16,14988.528447019138,68305.52745362627,,5.0,,,,,,,,results/variants/meg_opm/b42e79c0.npz
meg_opm,MEG OPM,8937,2000,6000,26811,6000,100.0,1e-13,1.5e-13,0.6666666666666667,spatial_covariance,5.0,gaussian,3.2609686236901895e-16,8804.821818150185,53377.76524079769,,5.0,,,,,,,,results/variants/meg_opm/7dd3be5f.npz
meg_opm,MEG OPM,8937,2000,6000,26811,6000,100.0,1e-13,1.5e-13,0.6666666666666667,scalar_iid,,,3.2609686236901895e-16,16893.027272547664,72979.54235875918,,5.0,,,,,,,,results/variants/meg_opm/d4ec4b63.npz
meg_opm,MEG OPM,8937,2500,7500,26811,7500,100.0,1e-13,1.5e-13,0.6666666666666667,scalar_iid,,,3.2609650178413383e-16,18485.99171976963,76764.47038639052,,5.0,,,,,,,,results/variants/meg_opm/65255943.npz
meg_opm,MEG OPM,8937,2500,7500,26811,7500,100.0,1e-13,1.5e-13,0.6666666666666667,spatial_covariance,5.0,gaussian,3.2609650178413383e-16,8828.318666738058,53478.707428400296,,5.0,,,,,,,,results/variants/meg_opm/bf84c247.npz
meg_opm,MEG OPM,8937,3000,9000,26811,9000,100.0,1e-13,1.5e-13,0.6666666666666667,spatial_covariance,5.0,gaussian,3.260962605651175e-16,8850.457458580528,53571.114982376945,,5.0,,,,,,,,results/variants/meg_opm/251a2c81.npz
meg_opm,MEG OPM,8937,3000,9000,26811,9000,100.0,1e-13,1.5e-13,0.6666666666666667,scalar_iid,,,3.260962605651175e-16,19865.54229122292,79960.08309759268,,5.0,,,,,,,,results/variants/meg_opm/bfff5583.npz
meg_opm,MEG OPM,8937,4000,12000,26811,9000,100.0,1e-13,1.5e-13,0.6666666666666667,scalar_iid,,,3.2609626056511747e-16,22190.352711334526,85200.56136193126,,5.0,,sensor_count_sqrt_scaling_extrapolation,3000,results/variants/meg_opm/bfff5583.npz,bfff5583,9000,1.1547005383792515,results/variants/meg_opm/095ae49e.npz
meg_opm,MEG OPM,8937,5000,15000,26811,9000,100.0,1e-13,1.5e-13,0.6666666666666667,scalar_iid,,,3.260962605651175e-16,24123.080394920547,89437.08771901325,,5.0,,sensor_count_sqrt_scaling_extrapolation,3000,results/variants/meg_opm/bfff5583.npz,bfff5583,9000,1.2909944487358056,results/variants/meg_opm/5fa10714.npz
meg_opm,MEG OPM,8937,7500,22500,26811,9000,100.0,1e-13,1.5e-13,0.6666666666666667,scalar_iid,,,3.260962605651175e-16,27938.11875395184,97522.93370523254,,5.0,,sensor_count_sqrt_scaling_extrapolation,3000,results/variants/meg_opm/bfff5583.npz,bfff5583,9000,1.5811388300841898,results/variants/meg_opm/0de75dfe.npz
meg_opm,MEG OPM,8937,10000,30000,26811,9000,100.0,1e-13,1.5e-13,0.6666666666666667,scalar_iid,,,3.2609626056511747e-16,30892.852304941498,103574.197750056,,5.0,,sensor_count_sqrt_scaling_extrapolation,3000,results/variants/meg_opm/bfff5583.npz,bfff5583,9000,1.8257418583505538,results/variants/meg_opm/a9777915.npz
